date,start,end,duration_minutes,hours_slept,sleep_efficiency,bedtime_minutes,sleep_index
2021-11-27,2021-11-27 01:00:00,2021-11-27 10:28:00,567.0,9.45,0.9541446208112875,60.0,1.9499999999999993
2021-11-28,2021-11-28 02:33:00,2021-11-28 12:00:00,566.0,9.433333333333334,0.9134275618374559,153.0,1.9333333333333336
2021-11-29,2021-11-29 02:43:00,2021-11-29 07:59:00,317.0,5.283333333333333,0.9463722397476341,163.0,-2.216666666666667
2021-11-30,2021-11-30 02:18:00,2021-11-30 07:40:00,322.0,5.366666666666666,0.9627329192546584,138.0,-2.1333333333333337
2021-12-01,2021-12-01 01:36:00,2021-12-01 09:04:00,449.0,7.483333333333333,0.9576837416481069,96.0,-0.016666666666666607
2021-12-02,2021-12-02 00:42:00,2021-12-02 07:09:00,387.0,6.45,0.9715762273901809,42.0,-1.0499999999999998
2021-12-03,2021-12-03 02:21:00,2021-12-03 11:14:00,534.0,8.9,0.9549718574108818,141.0,1.4000000000000004
2021-12-04,2021-12-04 15:00:00,2021-12-04 17:54:00,175.0,2.9166666666666665,0.9542857142857143,900.0,-4.583333333333334
2021-12-05,2021-12-05 16:17:00,2021-12-05 18:16:00,120.0,2.0,1.0,977.0,-5.5
2021-12-06,2021-12-06 03:50:00,2021-12-06 11:00:00,431.0,7.183333333333334,0.9697674418604652,230.0,-0.31666666666666643
2021-12-07,2021-12-07 00:00:00,2021-12-07 08:41:00,521.0,8.683333333333334,0.9558541266794626,0.0,1.1833333333333336
2021-12-08,2021-12-08 02:30:00,2021-12-08 11:11:00,521.0,8.683333333333334,0.9501915708812261,150.0,1.1833333333333336
2021-12-09,2021-12-09 03:40:00,2021-12-09 11:50:00,490.0,8.166666666666666,0.9428571428571428,220.0,0.6666666666666661
2021-12-10,2021-12-10 02:52:00,2021-12-10 10:08:00,435.0,7.25,0.9105504587155964,172.0,-0.25
2021-12-11,2021-12-11 01:30:00,2021-12-11 10:56:00,567.0,9.45,0.9559082892416225,90.0,1.9499999999999993
2021-12-12,2021-12-12 02:20:00,2021-12-12 12:00:00,580.0,9.666666666666666,0.9810344827586207,140.0,2.166666666666666
2021-12-13,2021-12-13 02:13:00,2021-12-13 11:19:00,546.0,9.1,0.8752293577981651,133.0,1.5999999999999996
2021-12-14,2021-12-14 01:31:00,2021-12-14 09:51:00,500.0,8.333333333333334,0.966,91.0,0.8333333333333339
2021-12-15,2021-12-15 01:10:00,2021-12-15 10:30:00,559.0,9.316666666666666,0.9320214669051878,70.0,1.8166666666666664
2021-12-16,2021-12-16 01:01:00,2021-12-16 10:30:00,569.0,9.483333333333333,0.9295774647887324,61.0,1.9833333333333325
2021-12-17,2021-12-17 01:39:00,2021-12-17 10:04:00,504.0,8.4,0.9346534653465347,99.0,0.9000000000000004
2021-12-18,2021-12-18 00:53:00,2021-12-18 06:50:00,356.0,5.933333333333334,0.949438202247191,53.0,-1.5666666666666664
2021-12-19,,,,,,,
2021-12-20,2021-12-20 01:30:00,2021-12-20 10:06:00,516.0,8.6,0.9631782945736435,90.0,1.0999999999999996
2021-12-21,2021-12-21 01:21:00,2021-12-21 10:30:00,549.0,9.15,0.9690909090909091,81.0,1.6500000000000004
2021-12-22,2021-12-22 02:30:00,2021-12-22 09:57:00,447.0,7.45,0.9038031319910514,150.0,-0.04999999999999982
2021-12-23,2021-12-23 03:28:00,2021-12-23 09:47:00,379.0,6.316666666666666,0.9026315789473685,208.0,-1.1833333333333336
2021-12-24,2021-12-24 03:27:00,2021-12-24 11:00:00,453.0,7.55,0.9315673289183223,207.0,0.04999999999999982
2021-12-25,2021-12-25 02:36:00,2021-12-25 11:00:00,504.0,8.4,0.9444444444444444,156.0,0.9000000000000004
2021-12-26,,,,,,,
2021-12-27,2021-12-27 02:00:00,2021-12-27 09:42:00,462.0,7.7,0.9675324675324676,120.0,0.20000000000000018
2021-12-28,2021-12-28 01:02:00,2021-12-28 10:30:00,568.0,9.466666666666667,0.9524647887323944,62.0,1.9666666666666668
2021-12-29,2021-12-29 01:16:00,2021-12-29 10:30:00,553.0,9.216666666666667,0.9367088607594937,76.0,1.7166666666666668
2021-12-30,2021-12-30 02:17:00,2021-12-30 10:17:00,480.0,8.0,0.9478079331941545,137.0,0.5
2021-12-31,2021-12-30 20:40:00,2021-12-31 11:00:00,860.0,14.333333333333334,0.8593023255813953,1240.0,6.833333333333334
2022-01-01,,,,,,,
2022-01-02,2022-01-02 01:24:00,2022-01-02 10:36:00,552.0,9.2,0.9909420289855072,84.0,1.6999999999999993
2022-01-03,2022-01-03 02:11:00,2022-01-03 10:30:00,498.0,8.3,0.9519038076152304,131.0,0.8000000000000007
2022-01-04,2022-01-04 02:04:00,2022-01-04 09:58:00,474.0,7.9,0.9704641350210971,124.0,0.40000000000000036
2022-01-05,2022-01-05 02:00:00,2022-01-05 10:11:00,492.0,8.2,0.9654471544715447,120.0,0.6999999999999993
2022-01-06,2022-01-05 21:44:00,2022-01-06 10:30:00,766.0,12.766666666666667,0.8067885117493473,1304.0,5.2666666666666675
2022-01-07,2022-01-07 01:00:00,2022-01-07 10:02:00,543.0,9.05,0.8784530386740331,60.0,1.5500000000000007
2022-01-08,2022-01-07 21:29:00,2022-01-08 09:49:00,740.0,12.333333333333334,0.9648648648648649,1289.0,4.833333333333334
2022-01-09,2022-01-08 20:39:00,2022-01-09 09:59:00,799.0,13.316666666666666,0.9799749687108886,1239.0,5.816666666666666
2022-01-10,2022-01-10 02:00:00,2022-01-10 09:39:00,459.0,7.65,0.9411764705882353,120.0,0.15000000000000036
2022-01-11,2022-01-11 01:46:00,2022-01-11 09:41:00,475.0,7.916666666666667,0.9831223628691983,106.0,0.41666666666666696
2022-01-12,2022-01-12 01:34:00,2022-01-12 09:34:00,480.0,8.0,0.9728601252609603,94.0,0.5
2022-01-13,2022-01-13 02:01:00,2022-01-13 09:17:00,437.0,7.283333333333333,0.9862700228832952,121.0,-0.21666666666666679
2022-01-14,2022-01-14 02:00:00,2022-01-14 09:36:00,457.0,7.616666666666666,0.918859649122807,120.0,0.11666666666666625
2022-01-15,,,,,,,
2022-01-16,2022-01-16 03:45:00,2022-01-16 11:30:00,464.0,7.733333333333333,0.9892241379310345,225.0,0.2333333333333334
2022-01-17,2022-01-17 02:54:00,2022-01-17 10:30:00,455.0,7.583333333333333,0.9560439560439561,174.0,0.08333333333333304
2022-01-18,2022-01-18 01:43:00,2022-01-18 09:57:00,494.0,8.233333333333333,0.9655870445344129,103.0,0.7333333333333325
2022-01-19,2022-01-19 01:30:00,2022-01-19 10:45:00,555.0,9.25,0.9621621621621622,90.0,1.75
2022-01-20,2022-01-20 00:30:00,2022-01-20 10:30:00,600.0,10.0,0.9516666666666667,30.0,2.5
2022-01-21,2022-01-21 02:30:00,2022-01-21 10:09:00,460.0,7.666666666666667,0.967391304347826,150.0,0.16666666666666696
2022-01-22,,,,,,,
2022-01-23,2022-01-23 03:13:00,2022-01-23 11:21:00,488.0,8.133333333333333,0.9876796714579056,193.0,0.6333333333333329
2022-01-24,2022-01-23 23:52:00,2022-01-24 10:00:00,608.0,10.133333333333333,0.8865131578947368,1432.0,2.633333333333333
2022-01-25,2022-01-25 01:59:00,2022-01-25 10:30:00,511.0,8.516666666666667,0.9862745098039216,119.0,1.0166666666666675
2022-01-26,,,,,,,
2022-01-27,2022-01-27 03:09:00,2022-01-27 11:30:00,501.0,8.35,0.974,189.0,0.8499999999999996
2022-01-28,2022-01-28 03:19:00,2022-01-28 10:00:00,400.0,6.666666666666667,0.955,199.0,-0.833333333333333
2022-01-29,2022-01-29 03:46:00,2022-01-29 12:30:00,524.0,8.733333333333333,0.950381679389313,226.0,1.2333333333333325
2022-01-30,2022-01-30 03:37:00,2022-01-30 11:42:00,485.0,8.083333333333334,0.9237113402061856,217.0,0.5833333333333339
2022-01-31,2022-01-31 01:25:00,2022-01-31 10:00:00,514.0,8.566666666666666,0.9280155642023347,85.0,1.0666666666666664
2022-02-01,2022-02-01 03:07:00,2022-02-01 10:19:00,431.0,7.183333333333334,0.9907192575406032,187.0,-0.31666666666666643
2022-02-02,2022-02-02 03:46:00,2022-02-02 10:00:00,374.0,6.233333333333333,0.9759358288770054,226.0,-1.2666666666666666
2022-02-03,2022-02-03 01:51:00,2022-02-03 12:53:00,661.0,11.016666666666667,0.9712556732223904,111.0,3.5166666666666675
2022-02-04,2022-02-04 01:30:00,2022-02-04 10:00:00,510.0,8.5,0.9686274509803922,90.0,1.0
2022-02-05,2022-02-05 01:31:00,2022-02-05 11:30:00,599.0,9.983333333333333,0.9381270903010034,91.0,2.4833333333333325
2022-02-06,2022-02-06 03:09:00,2022-02-06 11:30:00,501.0,8.35,0.93812375249501,189.0,0.8499999999999996
2022-02-07,2022-02-07 02:50:00,2022-02-07 10:00:00,429.0,7.15,0.9766899766899767,170.0,-0.34999999999999964
2022-02-08,2022-02-08 02:30:00,2022-02-08 09:10:00,401.0,6.683333333333334,0.972568578553616,150.0,-0.8166666666666664
2022-02-09,2022-02-09 02:21:00,2022-02-09 10:00:00,459.0,7.65,0.9847494553376906,141.0,0.15000000000000036
2022-02-10,2022-02-10 05:31:00,2022-02-10 10:38:00,307.0,5.116666666666666,0.9446254071661238,331.0,-2.3833333333333337
2022-02-11,2022-02-11 02:23:00,2022-02-11 10:28:00,485.0,8.083333333333334,0.9072164948453608,143.0,0.5833333333333339
2022-02-12,2022-02-12 08:11:00,2022-02-12 11:10:00,179.0,2.9833333333333334,0.8603351955307262,491.0,-4.516666666666667
2022-02-13,,,,,,,
2022-02-14,2022-02-14 02:50:00,2022-02-14 10:54:00,483.0,8.05,0.979296066252588,170.0,0.5500000000000007
2022-02-15,2022-02-15 02:37:00,2022-02-15 10:16:00,459.0,7.65,0.9868995633187773,157.0,0.15000000000000036
2022-02-16,2022-02-16 02:56:00,2022-02-16 10:01:00,425.0,7.083333333333333,0.9929245283018868,176.0,-0.41666666666666696
2022-02-17,2022-02-17 03:16:00,2022-02-17 10:36:00,440.0,7.333333333333333,0.9681818181818181,196.0,-0.16666666666666696
2022-02-18,2022-02-18 02:25:00,2022-02-18 09:49:00,444.0,7.4,0.9617977528089887,145.0,-0.09999999999999964
2022-02-19,2022-02-19 02:45:00,2022-02-19 10:30:00,464.0,7.733333333333333,0.9333333333333333,165.0,0.2333333333333334
2022-02-20,,,,,,,
2022-02-21,2022-02-21 02:30:00,2022-02-21 10:52:00,503.0,8.383333333333333,0.9661354581673307,150.0,0.8833333333333329
2022-02-22,2022-02-22 02:00:00,2022-02-22 09:30:00,449.0,7.483333333333333,0.9532293986636972,120.0,-0.016666666666666607
2022-02-23,2022-02-23 03:00:00,2022-02-23 10:00:00,420.0,7.0,0.9261904761904762,180.0,-0.5
2022-02-24,,,,,,,
2022-02-25,2022-02-25 02:00:00,2022-02-25 11:55:00,596.0,9.933333333333334,0.8689075630252101,120.0,2.4333333333333336
2022-02-26,,,,,,,
2022-02-27,2022-02-27 03:14:00,2022-02-27 10:59:00,465.0,7.75,0.9698275862068966,194.0,0.25
2022-02-28,2022-02-28 03:35:00,2022-02-28 10:00:00,384.0,6.4,0.984375,215.0,-1.0999999999999996
2022-03-01,2022-03-01 03:16:00,2022-03-01 10:01:00,405.0,6.75,0.9827160493827161,196.0,-0.75
2022-03-02,2022-03-02 03:30:00,2022-03-02 10:00:00,390.0,6.5,0.9538461538461539,210.0,-1.0
2022-03-03,2022-03-03 03:18:00,2022-03-03 10:13:00,415.0,6.916666666666667,0.9734939759036144,198.0,-0.583333333333333
2022-03-04,2022-03-04 03:00:00,2022-03-04 10:30:00,450.0,7.5,0.9688888888888889,180.0,0.0
2022-03-05,2022-03-05 09:54:00,2022-03-05 11:30:00,95.0,1.5833333333333333,0.8736842105263158,594.0,-5.916666666666667
2022-03-06,2022-03-06 10:07:00,2022-03-06 12:30:00,143.0,2.3833333333333333,0.9929577464788732,607.0,-5.116666666666667
2022-03-07,,,,,,,
2022-03-08,2022-03-08 02:27:00,2022-03-08 10:05:00,458.0,7.633333333333334,0.9868995633187773,147.0,0.13333333333333375
2022-03-09,2022-03-09 03:30:00,2022-03-09 11:30:00,480.0,8.0,0.9645833333333333,210.0,0.5
2022-03-10,2022-03-10 03:08:00,2022-03-10 10:30:00,441.0,7.35,0.9659863945578231,188.0,-0.15000000000000036
2022-03-11,2022-03-11 03:20:00,2022-03-11 10:00:00,400.0,6.666666666666667,0.965,200.0,-0.833333333333333
2022-03-12,2022-03-12 13:30:00,2022-03-12 16:00:00,150.0,2.5,0.98,810.0,-5.0
2022-03-13,,,,,,,
2022-03-14,2022-03-14 03:30:00,2022-03-14 10:50:00,441.0,7.35,0.9318181818181818,210.0,-0.15000000000000036
2022-03-15,2022-03-15 01:29:00,2022-03-15 10:58:00,569.0,9.483333333333333,0.9226713532513181,89.0,1.9833333333333325
2022-03-16,,,,,,,
2022-03-17,2022-03-17 02:38:00,2022-03-17 12:30:00,591.0,9.85,0.9898477157360406,158.0,2.3499999999999996
2022-03-18,,,,,,,
2022-03-19,2022-03-19 03:19:00,2022-03-19 11:06:00,467.0,7.783333333333333,0.9507494646680942,199.0,0.2833333333333332
2022-03-20,2022-03-20 06:30:00,2022-03-20 11:38:00,308.0,5.133333333333334,0.9676375404530745,390.0,-2.3666666666666663
2022-03-21,2022-03-21 03:28:00,2022-03-21 10:00:00,392.0,6.533333333333333,0.9821428571428571,208.0,-0.9666666666666668
2022-03-22,2022-03-22 01:46:00,2022-03-22 11:00:00,554.0,9.233333333333333,0.9548736462093863,106.0,1.7333333333333325
2022-03-23,2022-03-23 02:24:00,2022-03-23 10:00:00,456.0,7.6,0.9868131868131869,144.0,0.09999999999999964
2022-03-24,2022-03-24 02:45:00,2022-03-24 11:30:00,525.0,8.75,0.9466666666666667,165.0,1.25
2022-03-25,2022-03-25 03:18:00,2022-03-25 11:34:00,496.0,8.266666666666667,0.967741935483871,198.0,0.7666666666666675
2022-03-26,2022-03-26 03:20:00,2022-03-26 11:30:00,490.0,8.166666666666666,0.9386503067484663,200.0,0.6666666666666661
2022-03-27,,,,,,,
2022-03-28,2022-03-28 02:16:00,2022-03-28 10:00:00,464.0,7.733333333333333,0.9568965517241379,136.0,0.2333333333333334
2022-03-29,2022-03-29 02:00:00,2022-03-29 10:09:00,490.0,8.166666666666666,0.9529652351738241,120.0,0.6666666666666661
2022-03-30,2022-03-30 02:41:00,2022-03-30 10:00:00,439.0,7.316666666666666,0.9567198177676538,161.0,-0.18333333333333357
2022-03-31,2022-03-31 08:16:00,2022-03-31 10:32:00,136.0,2.2666666666666666,0.9191176470588235,496.0,-5.233333333333333
2022-04-01,,,,,,,
2022-04-02,2022-04-02 03:30:00,2022-04-02 11:30:00,479.0,7.983333333333333,0.9937369519832986,210.0,0.4833333333333334
2022-04-03,,,,,,,
2022-04-04,2022-04-04 03:30:00,2022-04-04 10:01:00,391.0,6.516666666666667,0.9770408163265306,210.0,-0.9833333333333334
2022-04-05,2022-04-05 07:34:00,2022-04-05 11:18:00,224.0,3.7333333333333334,0.9598214285714286,454.0,-3.7666666666666666
2022-04-06,2022-04-06 02:25:00,2022-04-06 10:00:00,454.0,7.566666666666666,0.9713024282560706,145.0,0.06666666666666643
2022-04-07,2022-04-07 10:02:00,2022-04-07 11:43:00,101.0,1.6833333333333333,0.9702970297029703,602.0,-5.816666666666666
2022-04-08,2022-04-08 10:05:00,2022-04-08 12:00:00,114.0,1.9,0.8869565217391304,605.0,-5.6
2022-04-09,,,,,,,
2022-04-10,2022-04-10 05:30:00,2022-04-10 12:27:00,418.0,6.966666666666667,0.9304556354916067,330.0,-0.5333333333333332
2022-04-11,2022-04-11 04:08:00,2022-04-11 10:00:00,352.0,5.866666666666666,0.9686609686609686,248.0,-1.6333333333333337
2022-04-12,2022-04-12 03:32:00,2022-04-12 11:13:00,461.0,7.683333333333334,0.9609544468546638,212.0,0.18333333333333357
2022-04-13,2022-04-13 04:07:00,2022-04-13 09:57:00,350.0,5.833333333333333,0.9628571428571429,247.0,-1.666666666666667
2022-04-14,2022-04-14 03:44:00,2022-04-14 11:00:00,436.0,7.266666666666667,0.9564220183486238,224.0,-0.2333333333333334
2022-04-15,2022-04-15 02:52:00,2022-04-15 12:10:00,558.0,9.3,0.9623655913978495,172.0,1.8000000000000007
2022-04-16,2022-04-16 04:49:00,2022-04-16 12:00:00,430.0,7.166666666666667,0.9373549883990719,289.0,-0.33333333333333304
2022-04-17,,,,,,,
2022-04-18,2022-04-17 17:00:00,2022-04-18 10:49:00,1070.0,17.833333333333332,0.9775491113189897,1020.0,10.333333333333332
2022-04-19,2022-04-19 03:33:00,2022-04-19 10:47:00,434.0,7.233333333333333,0.9654377880184332,213.0,-0.2666666666666666
2022-04-20,2022-04-20 05:03:00,2022-04-20 09:56:00,293.0,4.883333333333334,0.9658703071672355,303.0,-2.6166666666666663
2022-04-21,2022-04-21 04:12:00,2022-04-21 12:00:00,467.0,7.783333333333333,0.9464668094218416,252.0,0.2833333333333332
2022-04-22,2022-04-22 04:03:00,2022-04-22 12:00:00,476.0,7.933333333333334,0.8697478991596639,243.0,0.43333333333333357
2022-04-23,2022-04-23 03:11:00,2022-04-23 12:30:00,558.0,9.3,0.9659498207885304,191.0,1.8000000000000007
2022-04-24,,,,,,,
2022-04-25,2022-04-25 04:18:00,2022-04-25 09:55:00,337.0,5.616666666666666,0.9525222551928784,258.0,-1.8833333333333337
2022-04-26,2022-04-26 02:57:00,2022-04-26 11:25:00,508.0,8.466666666666667,0.9566929133858267,177.0,0.9666666666666668
2022-04-27,2022-04-27 02:51:00,2022-04-27 11:30:00,519.0,8.65,0.9671814671814671,171.0,1.1500000000000004
2022-04-28,2022-04-28 03:38:00,2022-04-28 11:24:00,466.0,7.766666666666667,0.9506437768240343,218.0,0.2666666666666666
2022-04-29,2022-04-29 03:54:00,2022-04-29 14:47:00,652.0,10.866666666666667,0.9525267993874426,234.0,3.366666666666667
2022-04-30,2022-04-30 10:00:00,2022-04-30 13:00:00,180.0,3.0,0.9050279329608939,600.0,-4.5
2022-05-01,2022-05-01 04:44:00,2022-05-01 12:58:00,494.0,8.233333333333333,0.9635627530364372,284.0,0.7333333333333325
2022-05-02,2022-05-02 02:16:00,2022-05-02 08:05:00,349.0,5.816666666666666,0.9369627507163324,136.0,-1.6833333333333336
2022-05-03,2022-05-03 03:42:00,2022-05-03 10:41:00,419.0,6.983333333333333,0.964200477326969,222.0,-0.5166666666666666
2022-05-04,2022-05-04 10:00:00,2022-05-04 12:30:00,149.0,2.4833333333333334,0.9333333333333333,600.0,-5.016666666666667
2022-05-05,2022-05-05 01:58:00,2022-05-05 11:02:00,544.0,9.066666666666666,0.8287292817679558,118.0,1.5666666666666664
2022-05-06,2022-05-06 08:00:00,2022-05-06 11:36:00,217.0,3.6166666666666667,0.9537037037037037,480.0,-3.8833333333333333
2022-05-07,2022-05-07 03:42:00,2022-05-07 09:54:00,372.0,6.2,0.967828418230563,222.0,-1.2999999999999998
2022-05-08,,,,,,,
2022-05-09,,,,,,,
2022-05-10,2022-05-10 04:32:00,2022-05-10 11:38:00,426.0,7.1,0.9576470588235294,272.0,-0.40000000000000036
2022-05-11,2022-05-11 00:00:00,2022-05-11 13:00:00,780.0,13.0,0.9088575096277278,0.0,5.5
2022-05-12,2022-05-12 04:54:00,2022-05-12 12:34:00,460.0,7.666666666666667,0.9564270152505446,294.0,0.16666666666666696
2022-05-13,2022-05-13 03:31:00,2022-05-13 11:48:00,498.0,8.3,0.9517102615694165,211.0,0.8000000000000007
2022-05-14,2022-05-14 04:24:00,2022-05-14 11:08:00,404.0,6.733333333333333,0.9727722772277227,264.0,-0.7666666666666666
2022-05-15,2022-05-15 02:00:00,2022-05-15 11:55:00,595.0,9.916666666666666,0.959731543624161,120.0,2.416666666666666
2022-05-16,2022-05-16 02:32:00,2022-05-16 12:17:00,584.0,9.733333333333333,0.935042735042735,152.0,2.2333333333333325
2022-05-17,2022-05-17 03:56:00,2022-05-17 11:30:00,454.0,7.566666666666666,0.9492273730684326,236.0,0.06666666666666643
2022-05-18,2022-05-18 04:04:00,2022-05-18 10:28:00,384.0,6.4,0.9583333333333334,244.0,-1.0999999999999996
2022-05-19,2022-05-19 04:09:00,2022-05-19 12:29:00,500.0,8.333333333333334,0.966,249.0,0.8333333333333339
2022-05-20,2022-05-20 02:56:00,2022-05-20 12:30:00,574.0,9.566666666666666,0.9650959860383944,176.0,2.0666666666666664
2022-05-21,2022-05-21 04:06:00,2022-05-21 12:00:00,473.0,7.883333333333334,0.9534883720930233,246.0,0.38333333333333375
2022-05-22,2022-05-22 07:00:00,2022-05-22 12:00:00,300.0,5.0,0.9466666666666667,420.0,-2.5
2022-05-23,,,,,,,
2022-05-24,,,,,,,
2022-05-25,2022-05-25 03:52:00,2022-05-25 12:30:00,518.0,8.633333333333333,0.8689788053949904,232.0,1.1333333333333329
2022-05-26,,,,,,,
2022-05-27,2022-05-27 03:35:00,2022-05-27 12:28:00,533.0,8.883333333333333,0.9437148217636022,215.0,1.3833333333333329
2022-05-28,2022-05-28 03:11:00,2022-05-28 11:45:00,514.0,8.566666666666666,0.9591439688715954,191.0,1.0666666666666664
2022-05-29,2022-05-29 04:22:00,2022-05-29 11:03:00,400.0,6.666666666666667,0.95,262.0,-0.833333333333333
2022-05-30,2022-05-30 03:48:00,2022-05-30 11:20:00,452.0,7.533333333333333,0.9668141592920354,228.0,0.033333333333333215
2022-05-31,2022-05-31 03:44:00,2022-05-31 12:00:00,496.0,8.266666666666667,0.9575757575757575,224.0,0.7666666666666675
2022-06-01,2022-06-01 04:28:00,2022-06-01 12:30:00,482.0,8.033333333333333,0.9563409563409564,268.0,0.5333333333333332
2022-06-02,2022-06-02 04:03:00,2022-06-02 12:30:00,506.0,8.433333333333334,0.9466403162055336,243.0,0.9333333333333336
2022-06-03,2022-06-03 04:20:00,2022-06-03 10:00:00,340.0,5.666666666666667,0.9558823529411765,260.0,-1.833333333333333
2022-06-04,2022-06-04 09:00:00,2022-06-04 11:30:00,149.0,2.4833333333333334,0.9463087248322147,540.0,-5.016666666666667
2022-06-05,,,,,,,
2022-06-06,,,,,,,
2022-06-07,2022-06-07 04:14:00,2022-06-07 11:20:00,426.0,7.1,0.9366197183098591,254.0,-0.40000000000000036
2022-06-08,2022-06-08 04:06:00,2022-06-08 11:55:00,470.0,7.833333333333333,0.9446808510638298,246.0,0.33333333333333304
2022-06-09,2022-06-09 03:52:00,2022-06-09 11:28:00,456.0,7.6,0.9451754385964912,232.0,0.09999999999999964
2022-06-10,2022-06-10 04:47:00,2022-06-10 12:00:00,432.0,7.2,0.9583333333333334,287.0,-0.2999999999999998
2022-06-11,2022-06-11 04:11:00,2022-06-11 12:30:00,499.0,8.316666666666666,0.9658634538152611,251.0,0.8166666666666664
2022-06-12,2022-06-12 06:30:00,2022-06-12 11:00:00,270.0,4.5,0.9555555555555556,390.0,-3.0
2022-06-13,,,,,,,
2022-06-14,2022-06-14 04:38:00,2022-06-14 10:54:00,375.0,6.25,0.9733333333333334,278.0,-1.25
2022-06-15,2022-06-15 03:02:00,2022-06-15 10:30:00,447.0,7.45,0.9530201342281879,182.0,-0.04999999999999982
2022-06-16,2022-06-16 04:10:00,2022-06-16 10:52:00,402.0,6.7,0.9701492537313433,250.0,-0.7999999999999998
2022-06-17,2022-06-17 04:09:00,2022-06-17 12:00:00,471.0,7.85,0.9659574468085106,249.0,0.34999999999999964
2022-06-18,2022-06-18 04:25:00,2022-06-18 11:30:00,424.0,7.066666666666666,0.9599056603773585,265.0,-0.43333333333333357
2022-06-19,2022-06-19 04:11:00,2022-06-19 09:17:00,306.0,5.1,0.954248366013072,251.0,-2.4000000000000004
2022-06-20,2022-06-20 04:27:00,2022-06-20 11:26:00,419.0,6.983333333333333,0.9522673031026253,267.0,-0.5166666666666666
2022-06-21,2022-06-21 03:36:00,2022-06-21 11:30:00,474.0,7.9,0.9578059071729957,216.0,0.40000000000000036
2022-06-22,2022-06-22 03:49:00,2022-06-22 11:30:00,461.0,7.683333333333334,0.9587852494577006,229.0,0.18333333333333357
2022-06-23,2022-06-23 03:20:00,2022-06-23 09:30:00,369.0,6.15,0.9566395663956639,200.0,-1.3499999999999996
2022-06-24,,,,,,,
2022-06-25,,,,,,,
2022-06-26,2022-06-26 01:30:00,2022-06-26 12:30:00,660.0,11.0,0.9984848484848485,90.0,3.5
2022-06-27,,,,,,,
2022-06-28,,,,,,,
2022-06-29,,,,,,,
2022-06-30,2022-06-30 03:50:00,2022-06-30 11:22:00,452.0,7.533333333333333,0.9579646017699115,230.0,0.033333333333333215
2022-07-01,2022-07-01 04:15:00,2022-07-01 12:00:00,464.0,7.733333333333333,0.9591397849462365,255.0,0.2333333333333334
2022-07-02,2022-07-02 09:02:00,2022-07-02 12:00:00,178.0,2.966666666666667,0.949438202247191,542.0,-4.533333333333333
2022-07-03,2022-07-03 03:00:00,2022-07-03 12:30:00,570.0,9.5,0.9033391915641477,180.0,2.0
2022-07-04,,,,,,,
2022-07-05,,,,,,,
2022-07-06,2022-07-06 04:15:00,2022-07-06 11:30:00,435.0,7.25,0.9517241379310345,255.0,-0.25
2022-07-07,2022-07-07 04:26:00,2022-07-07 11:42:00,436.0,7.266666666666667,0.9655963302752294,266.0,-0.2333333333333334
2022-07-08,2022-07-08 04:21:00,2022-07-08 12:03:00,462.0,7.7,0.9352051835853131,261.0,0.20000000000000018
2022-07-09,2022-07-09 03:33:00,2022-07-09 07:33:00,241.0,4.016666666666667,0.950207468879668,213.0,-3.4833333333333334
2022-07-10,2022-07-10 04:05:00,2022-07-10 10:00:00,354.0,5.9,0.9491525423728814,245.0,-1.5999999999999996
2022-07-11,,,,,,,
2022-07-12,2022-07-12 04:14:00,2022-07-12 11:30:00,435.0,7.25,0.9632183908045977,254.0,-0.25
2022-07-13,,,,,,,
2022-07-14,,,,,,,
2022-07-15,2022-07-15 02:51:00,2022-07-15 09:25:00,394.0,6.566666666666666,0.9568527918781726,171.0,-0.9333333333333336
2022-07-16,2022-07-16 03:30:00,2022-07-16 10:46:00,436.0,7.266666666666667,0.9724770642201835,210.0,-0.2333333333333334
2022-07-17,,,,,,,
2022-07-18,,,,,,,
2022-07-19,2022-07-19 03:56:00,2022-07-19 11:00:00,424.0,7.066666666666666,0.9361702127659575,236.0,-0.43333333333333357
2022-07-20,2022-07-20 03:50:00,2022-07-20 11:30:00,459.0,7.65,0.9564270152505446,230.0,0.15000000000000036
2022-07-21,2022-07-21 04:26:00,2022-07-21 11:33:00,427.0,7.116666666666666,0.9648711943793911,266.0,-0.38333333333333375
2022-07-22,2022-07-22 04:26:00,2022-07-22 12:00:00,453.0,7.55,0.9536423841059603,266.0,0.04999999999999982
2022-07-23,,,,,,,
2022-07-24,,,,,,,
2022-07-25,2022-07-25 03:31:00,2022-07-25 10:18:00,407.0,6.783333333333333,0.9556650246305419,211.0,-0.7166666666666668
2022-07-26,,,,,,,
2022-07-27,,,,,,,
2022-07-28,2022-07-28 03:54:00,2022-07-28 11:30:00,455.0,7.583333333333333,0.9648351648351648,234.0,0.08333333333333304
2022-07-29,2022-07-29 01:47:00,2022-07-29 06:40:00,293.0,4.883333333333334,0.9556313993174061,107.0,-2.6166666666666663
2022-07-30,2022-07-30 02:30:00,2022-07-30 11:30:00,540.0,9.0,0.9611111111111111,150.0,1.5
2022-07-31,,,,,,,
2022-08-01,2022-08-01 03:58:00,2022-08-01 09:30:00,331.0,5.516666666666667,0.9424242424242424,238.0,-1.9833333333333334
2022-08-02,,,,,,,
2022-08-03,2022-08-03 03:22:00,2022-08-03 08:30:00,308.0,5.133333333333334,0.9609120521172638,202.0,-2.3666666666666663
2022-08-04,,,,,,,
2022-08-05,2022-08-05 03:02:00,2022-08-05 07:30:00,267.0,4.45,0.9548872180451128,182.0,-3.05
2022-08-06,,,,,,,
2022-08-07,,,,,,,
2022-08-08,,,,,,,
2022-08-09,,,,,,,
2022-08-10,,,,,,,
2022-08-11,2022-08-11 03:24:00,2022-08-11 11:02:00,459.0,7.65,0.9520697167755992,204.0,0.15000000000000036
2022-08-12,2022-08-12 03:16:00,2022-08-12 10:21:00,425.0,7.083333333333333,0.9388235294117647,196.0,-0.41666666666666696
2022-08-13,2022-08-13 11:30:00,2022-08-13 15:40:00,250.0,4.166666666666667,1.0,690.0,-3.333333333333333
2022-08-14,,,,,,,
2022-08-15,,,,,,,
2022-08-16,,,,,,,
2022-08-17,2022-08-17 02:24:00,2022-08-17 13:50:00,686.0,11.433333333333334,0.9722627737226277,144.0,3.9333333333333336
2022-08-18,2022-08-18 00:00:00,2022-08-18 09:30:00,570.0,9.5,1.0,0.0,2.0
2022-08-19,,,,,,,
2022-08-20,,,,,,,
2022-08-21,2022-08-21 02:34:00,2022-08-21 11:00:00,506.0,8.433333333333334,0.9405940594059405,154.0,0.9333333333333336
2022-08-22,,,,,,,
2022-08-23,2022-08-23 02:03:00,2022-08-23 08:00:00,357.0,5.95,0.9551820728291317,123.0,-1.5499999999999998
2022-08-24,,,,,,,
2022-08-25,2022-08-25 02:16:00,2022-08-25 07:32:00,316.0,5.266666666666667,0.9556962025316456,136.0,-2.2333333333333334
2022-08-26,2022-08-26 02:25:00,2022-08-26 10:30:00,485.0,8.083333333333334,0.948559670781893,145.0,0.5833333333333339
2022-08-27,2022-08-27 02:00:00,2022-08-27 09:58:00,479.0,7.983333333333333,0.9498956158663883,120.0,0.4833333333333334
2022-08-28,,,,,,,
2022-08-29,2022-08-29 02:03:00,2022-08-29 10:47:00,524.0,8.733333333333333,0.9428571428571428,123.0,1.2333333333333325
2022-08-30,2022-08-30 14:19:00,2022-08-30 16:39:00,141.0,2.35,0.8936170212765957,859.0,-5.15
2022-08-31,2022-08-31 01:48:00,2022-08-31 08:30:00,402.0,6.7,0.9526184538653366,108.0,-0.7999999999999998
2022-09-01,2022-09-01 01:10:00,2022-09-01 10:00:00,530.0,8.833333333333334,0.9452830188679245,70.0,1.333333333333334
2022-09-02,2022-09-02 02:34:00,2022-09-02 10:01:00,447.0,7.45,0.9328859060402684,154.0,-0.04999999999999982
2022-09-03,,,,,,,
2022-09-04,2022-09-04 09:00:00,2022-09-04 11:30:00,149.0,2.4833333333333334,1.0,540.0,-5.016666666666667
2022-09-05,,,,,,,
2022-09-06,2022-09-06 16:00:00,2022-09-06 17:30:00,89.0,1.4833333333333334,0.9325842696629213,960.0,-6.016666666666667
2022-09-07,2022-09-07 08:00:00,2022-09-07 09:46:00,106.0,1.7666666666666666,0.839622641509434,480.0,-5.733333333333333
2022-09-08,2022-09-08 02:24:00,2022-09-08 08:00:00,336.0,5.6,0.9672619047619048,144.0,-1.9000000000000004
2022-09-09,2022-09-09 08:00:00,2022-09-09 10:27:00,148.0,2.466666666666667,1.0,480.0,-5.033333333333333
2022-09-10,,,,,,,
2022-09-11,,,,,,,
2022-09-12,,,,,,,
2022-09-13,2022-09-13 03:27:00,2022-09-13 08:00:00,273.0,4.55,0.9558823529411765,207.0,-2.95
2022-09-14,2022-09-14 03:28:00,2022-09-14 10:00:00,391.0,6.516666666666667,0.8132992327365729,208.0,-0.9833333333333334
2022-09-15,2022-09-15 02:19:00,2022-09-15 08:35:00,376.0,6.266666666666667,0.9521276595744681,139.0,-1.2333333333333334
2022-09-16,2022-09-16 02:22:00,2022-09-16 10:30:00,488.0,8.133333333333333,0.944558521560575,142.0,0.6333333333333329
2022-09-17,2022-09-17 03:07:00,2022-09-17 12:00:00,533.0,8.883333333333333,0.9624060150375939,187.0,1.3833333333333329
2022-09-18,2022-09-18 03:47:00,2022-09-18 11:31:00,463.0,7.716666666666667,0.958963282937365,227.0,0.21666666666666679
2022-09-19,2022-09-19 01:30:00,2022-09-19 11:30:00,600.0,10.0,0.9316666666666666,90.0,2.5
2022-09-20,2022-09-20 02:28:00,2022-09-20 08:00:00,331.0,5.516666666666667,0.9758308157099698,148.0,-1.9833333333333334
2022-09-21,2022-09-21 02:49:00,2022-09-21 06:54:00,246.0,4.1,0.9512195121951219,169.0,-3.4000000000000004
2022-09-22,2022-09-22 01:59:00,2022-09-22 08:43:00,404.0,6.733333333333333,0.9702970297029703,119.0,-0.7666666666666666
2022-09-23,2022-09-23 00:00:00,2022-09-23 10:30:00,630.0,10.5,0.9634920634920635,0.0,3.0
2022-09-24,2022-09-24 02:09:00,2022-09-24 11:30:00,560.0,9.333333333333334,0.9607142857142857,129.0,1.833333333333334
2022-09-25,,,,,,,
2022-09-26,,,,,,,
2022-09-27,,,,,,,
2022-09-28,,,,,,,
2022-09-29,,,,,,,
2022-09-30,2022-09-30 03:00:00,2022-09-30 10:57:00,478.0,7.966666666666667,0.9309623430962343,180.0,0.4666666666666668
2022-10-01,2022-10-01 03:30:00,2022-10-01 10:50:00,440.0,7.333333333333333,0.9251700680272109,210.0,-0.16666666666666696
2022-10-02,,,,,,,
2022-10-03,,,,,,,
2022-10-04,2022-10-04 02:08:00,2022-10-04 08:00:00,352.0,5.866666666666666,0.9572649572649573,128.0,-1.6333333333333337
2022-10-05,2022-10-05 03:19:00,2022-10-05 10:30:00,430.0,7.166666666666667,0.9095127610208816,199.0,-0.33333333333333304
2022-10-06,2022-10-06 01:42:00,2022-10-06 08:35:00,413.0,6.883333333333334,0.9514563106796117,102.0,-0.6166666666666663
2022-10-07,2022-10-07 03:38:00,2022-10-07 09:55:00,377.0,6.283333333333333,0.9336870026525199,218.0,-1.2166666666666668
2022-10-08,2022-10-08 02:29:00,2022-10-08 11:30:00,541.0,9.016666666666667,0.95,149.0,1.5166666666666675
2022-10-09,,,,,,,
2022-10-10,2022-10-09 21:30:00,2022-10-10 12:00:00,870.0,14.5,0.9126436781609195,1290.0,7.0
2022-10-11,2022-10-11 02:53:00,2022-10-11 08:00:00,307.0,5.116666666666666,0.9609120521172638,173.0,-2.3833333333333337
2022-10-12,2022-10-12 03:03:00,2022-10-12 08:00:00,296.0,4.933333333333334,0.9459459459459459,183.0,-2.5666666666666664
2022-10-13,2022-10-13 02:03:00,2022-10-13 08:44:00,401.0,6.683333333333334,0.9501246882793017,123.0,-0.8166666666666664
2022-10-14,2022-10-14 00:00:00,2022-10-14 11:49:00,709.0,11.816666666666666,0.9421720733427362,0.0,4.316666666666666
2022-10-15,2022-10-15 01:54:00,2022-10-15 10:00:00,486.0,8.1,0.9176954732510288,114.0,0.5999999999999996
2022-10-16,2022-10-16 02:53:00,2022-10-16 11:30:00,516.0,8.6,0.9244186046511628,173.0,1.0999999999999996
2022-10-17,,,,,,,
2022-10-18,2022-10-18 02:57:00,2022-10-18 08:39:00,343.0,5.716666666666667,0.9504373177842566,177.0,-1.7833333333333332
2022-10-19,2022-10-19 03:12:00,2022-10-19 08:30:00,317.0,5.283333333333333,0.9495268138801262,192.0,-2.216666666666667
2022-10-20,2022-10-20 02:45:00,2022-10-20 08:00:00,314.0,5.233333333333333,0.9713375796178344,165.0,-2.2666666666666666
2022-10-21,2022-10-21 04:01:00,2022-10-21 10:28:00,387.0,6.45,0.9689119170984456,241.0,-1.0499999999999998
2022-10-22,2022-10-22 03:45:00,2022-10-22 12:00:00,495.0,8.25,0.9252525252525252,225.0,0.75
2022-10-23,,,,,,,
2022-10-24,2022-10-24 01:33:00,2022-10-24 10:33:00,540.0,9.0,0.9462962962962963,93.0,1.5
2022-10-25,2022-10-25 04:43:00,2022-10-25 11:00:00,377.0,6.283333333333333,0.9389920424403183,283.0,-1.2166666666666668
2022-10-26,2022-10-26 02:09:00,2022-10-26 08:00:00,351.0,5.85,0.9629629629629629,129.0,-1.6500000000000004
2022-10-27,2022-10-27 04:36:00,2022-10-27 08:00:00,204.0,3.4,0.9704433497536946,276.0,-4.1
2022-10-28,2022-10-28 03:38:00,2022-10-28 10:50:00,432.0,7.2,0.9745370370370371,218.0,-0.2999999999999998
2022-10-29,2022-10-29 02:04:00,2022-10-29 12:00:00,596.0,9.933333333333334,0.9530201342281879,124.0,2.4333333333333336
2022-10-30,,,,,,,
2022-10-31,2022-10-31 03:30:00,2022-10-31 11:30:00,479.0,7.983333333333333,0.9331941544885177,210.0,0.4833333333333334
2022-11-01,2022-11-01 04:32:00,2022-11-01 08:00:00,207.0,3.45,0.9468599033816425,272.0,-4.05
2022-11-02,2022-11-02 02:23:00,2022-11-02 11:25:00,542.0,9.033333333333333,0.9520295202952029,143.0,1.5333333333333332
2022-11-03,2022-11-03 04:19:00,2022-11-03 08:30:00,250.0,4.166666666666667,0.964,259.0,-3.333333333333333
2022-11-04,,,,,,,
2022-11-05,,,,,,,
2022-11-06,,,,,,,
2022-11-07,2022-11-07 04:07:00,2022-11-07 12:00:00,473.0,7.883333333333334,0.9365750528541226,247.0,0.38333333333333375
2022-11-08,,,,,,,
2022-11-09,2022-11-09 02:56:00,2022-11-09 11:12:00,496.0,8.266666666666667,0.9556451612903226,176.0,0.7666666666666675
2022-11-10,,,,,,,
2022-11-11,2022-11-11 03:39:00,2022-11-11 11:00:00,441.0,7.35,0.9636363636363636,219.0,-0.15000000000000036
2022-11-12,2022-11-12 03:29:00,2022-11-12 11:43:00,495.0,8.25,0.9393939393939394,209.0,0.75
2022-11-13,,,,,,,
2022-11-14,2022-11-14 03:00:00,2022-11-14 11:50:00,531.0,8.85,0.9397363465160076,180.0,1.3499999999999996
2022-11-15,2022-11-15 03:55:00,2022-11-15 08:06:00,251.0,4.183333333333334,0.9484126984126984,235.0,-3.3166666666666664
2022-11-16,2022-11-16 03:53:00,2022-11-16 12:53:00,540.0,9.0,0.9666048237476809,233.0,1.5
2022-11-17,2022-11-17 03:00:00,2022-11-17 08:00:00,300.0,5.0,0.96,180.0,-2.5
2022-11-18,2022-11-18 03:10:00,2022-11-18 11:49:00,518.0,8.633333333333333,0.9594594594594594,190.0,1.1333333333333329
2022-11-19,,,,,,,
2022-11-20,2022-11-20 01:03:00,2022-11-20 13:35:00,752.0,12.533333333333333,0.9188829787234043,63.0,5.033333333333333
2022-11-21,2022-11-21 03:41:00,2022-11-21 12:30:00,529.0,8.816666666666666,0.8979206049149339,221.0,1.3166666666666664
2022-11-22,,,,,,,
2022-11-23,2022-11-23 04:08:00,2022-11-23 12:30:00,502.0,8.366666666666667,0.9342629482071713,248.0,0.8666666666666671
2022-11-24,,,,,,,
2022-11-25,,,,,,,
2022-11-26,2022-11-26 03:19:00,2022-11-26 12:50:00,571.0,9.516666666666667,0.9352014010507881,199.0,2.0166666666666675
2022-11-27,,,,,,,
2022-11-28,,,,,,,
2022-11-29,2022-11-29 02:23:00,2022-11-29 08:00:00,337.0,5.616666666666666,0.9584569732937686,143.0,-1.8833333333333337
2022-11-30,2022-11-30 02:21:00,2022-11-30 09:30:00,428.0,7.133333333333334,0.9509345794392523,141.0,-0.36666666666666625
2022-12-01,2022-12-01 05:38:00,2022-12-01 08:30:00,172.0,2.8666666666666667,0.953757225433526,338.0,-4.633333333333333
2022-12-02,,,,,,,
2022-12-03,2022-12-03 02:54:00,2022-12-03 10:30:00,455.0,7.583333333333333,0.9582417582417583,174.0,0.08333333333333304
2022-12-04,,,,,,,
2022-12-05,,,,,,,
2022-12-06,,,,,,,
2022-12-07,,,,,,,
2022-12-08,,,,,,,
2022-12-09,,,,,,,
2022-12-10,,,,,,,
2022-12-11,,,,,,,
2022-12-12,,,,,,,
2022-12-13,,,,,,,
2022-12-14,,,,,,,
2022-12-15,,,,,,,
2022-12-16,,,,,,,
2022-12-17,,,,,,,
2022-12-18,,,,,,,
2022-12-19,,,,,,,
2022-12-20,,,,,,,
2022-12-21,,,,,,,
2022-12-22,,,,,,,
2022-12-23,,,,,,,
2022-12-24,,,,,,,
2022-12-25,,,,,,,
2022-12-26,,,,,,,
2022-12-27,,,,,,,
2022-12-28,,,,,,,
2022-12-29,,,,,,,
2022-12-30,,,,,,,
2022-12-31,,,,,,,
2023-01-01,,,,,,,
2023-01-02,,,,,,,
2023-01-03,,,,,,,
2023-01-04,,,,,,,
2023-01-05,,,,,,,
2023-01-06,,,,,,,
2023-01-07,,,,,,,
2023-01-08,2023-01-08 03:16:00,2023-01-08 12:51:00,575.0,9.583333333333334,0.9721254355400697,196.0,2.083333333333334
2023-01-09,2023-01-08 23:00:00,2023-01-09 06:55:00,476.0,7.933333333333334,0.8928571428571429,1380.0,0.43333333333333357
2023-01-10,,,,,,,
2023-01-11,,,,,,,
2023-01-12,,,,,,,
2023-01-13,,,,,,,
2023-01-14,,,,,,,
2023-01-15,,,,,,,
2023-01-16,,,,,,,
2023-01-17,,,,,,,
2023-01-18,,,,,,,
2023-01-19,,,,,,,
2023-01-20,,,,,,,
2023-01-21,,,,,,,
2023-01-22,,,,,,,
2023-01-23,2023-01-22 22:30:00,2023-01-23 08:30:00,600.0,10.0,0.955,1350.0,2.5
2023-01-24,2023-01-24 03:37:00,2023-01-24 11:26:00,469.0,7.816666666666666,0.9402985074626866,217.0,0.31666666666666643
2023-01-25,2023-01-25 03:37:00,2023-01-25 08:18:00,282.0,4.7,0.9680851063829787,217.0,-2.8
2023-01-26,,,,,,,
2023-01-27,2023-01-27 03:00:00,2023-01-27 08:55:00,355.0,5.916666666666667,0.9492957746478873,180.0,-1.583333333333333
2023-01-28,,,,,,,
2023-01-29,,,,,,,
2023-01-30,2023-01-30 03:55:00,2023-01-30 11:41:00,465.0,7.75,0.9548387096774194,235.0,0.25
2023-01-31,2023-01-31 04:03:00,2023-01-31 11:00:00,416.0,6.933333333333334,0.9495192307692307,243.0,-0.5666666666666664
2023-02-01,2023-02-01 02:20:00,2023-02-01 08:10:00,350.0,5.833333333333333,0.9714285714285714,140.0,-1.666666666666667
2023-02-02,,,,,,,
2023-02-03,,,,,,,
2023-02-04,,,,,,,
2023-02-05,,,,,,,
2023-02-06,2023-02-06 04:57:00,2023-02-06 08:31:00,214.0,3.566666666666667,0.9579439252336449,297.0,-3.933333333333333
2023-02-07,2023-02-07 01:44:00,2023-02-07 11:30:00,585.0,9.75,0.9487179487179487,104.0,2.25
2023-02-08,2023-02-08 04:03:00,2023-02-08 09:04:00,300.0,5.0,0.9235880398671097,243.0,-2.5
2023-02-09,,,,,,,
2023-02-10,,,,,,,
2023-02-11,,,,,,,
2023-02-12,,,,,,,
2023-02-13,2023-02-13 02:26:00,2023-02-13 08:30:00,364.0,6.066666666666666,0.9423076923076923,146.0,-1.4333333333333336
2023-02-14,2023-02-14 04:47:00,2023-02-14 09:30:00,282.0,4.7,0.9290780141843972,287.0,-2.8
2023-02-15,2023-02-15 04:18:00,2023-02-15 10:08:00,350.0,5.833333333333333,0.9428571428571428,258.0,-1.666666666666667
2023-02-16,2023-02-16 02:19:00,2023-02-16 12:11:00,592.0,9.866666666666667,0.964527027027027,139.0,2.366666666666667
2023-02-17,2023-02-17 05:11:00,2023-02-17 10:30:00,318.0,5.3,0.940251572327044,311.0,-2.2
2023-02-18,,,,,,,
2023-02-19,,,,,,,
2023-02-20,2023-02-20 04:23:00,2023-02-20 08:30:00,247.0,4.116666666666666,0.9390243902439024,263.0,-3.3833333333333337
2023-02-21,,,,,,,
2023-02-22,2023-02-22 04:30:00,2023-02-22 11:30:00,420.0,7.0,0.8928571428571429,270.0,-0.5
2023-02-23,,,,,,,
2023-02-24,2023-02-24 03:46:00,2023-02-24 11:48:00,482.0,8.033333333333333,0.9688149688149689,226.0,0.5333333333333332
2023-02-25,,,,,,,
2023-02-26,2023-02-26 05:53:00,2023-02-26 10:58:00,304.0,5.066666666666666,0.9506578947368421,353.0,-2.4333333333333336
2023-02-27,,,,,,,
2023-02-28,,,,,,,
2023-03-01,2023-03-01 05:33:00,2023-03-01 11:00:00,327.0,5.45,0.9386503067484663,333.0,-2.05
2023-03-02,,,,,,,
2023-03-03,,,,,,,
2023-03-04,,,,,,,
2023-03-05,,,,,,,
2023-03-06,2023-03-06 03:35:00,2023-03-06 12:20:00,526.0,8.766666666666667,0.9771863117870723,215.0,1.2666666666666675
2023-03-07,,,,,,,
2023-03-08,,,,,,,
2023-03-09,,,,,,,
2023-03-10,,,,,,,
2023-03-11,,,,,,,
2023-03-12,,,,,,,
2023-03-13,,,,,,,
2023-03-14,,,,,,,
2023-03-15,,,,,,,
2023-03-16,,,,,,,
2023-03-17,,,,,,,
2023-03-18,,,,,,,
2023-03-19,,,,,,,
2023-03-20,,,,,,,
2023-03-21,,,,,,,
2023-03-22,,,,,,,
2023-03-23,,,,,,,
2023-03-24,,,,,,,
2023-03-25,,,,,,,
2023-03-26,,,,,,,
2023-03-27,,,,,,,
2023-03-28,,,,,,,
2023-03-29,2023-03-29 05:17:00,2023-03-29 11:45:00,388.0,6.466666666666667,0.9536082474226805,317.0,-1.0333333333333332
2023-03-30,,,,,,,
2023-03-31,,,,,,,
2023-04-01,,,,,,,
2023-04-02,,,,,,,
2023-04-03,2023-04-03 03:36:00,2023-04-03 11:36:00,480.0,8.0,0.9395833333333333,216.0,0.5
2023-04-04,,,,,,,
2023-04-05,,,,,,,
2023-04-06,,,,,,,
2023-04-07,,,,,,,
2023-04-08,,,,,,,
2023-04-09,,,,,,,
2023-04-10,,,,,,,
2023-04-11,2023-04-11 04:31:00,2023-04-11 11:28:00,416.0,6.933333333333334,0.9663461538461539,271.0,-0.5666666666666664
2023-04-12,,,,,,,
2023-04-13,,,,,,,
2023-04-14,,,,,,,
2023-04-15,,,,,,,
2023-04-16,,,,,,,
2023-04-17,,,,,,,
2023-04-18,,,,,,,
2023-04-19,,,,,,,
2023-04-20,,,,,,,
2023-04-21,,,,,,,
2023-04-22,,,,,,,
2023-04-23,,,,,,,
2023-04-24,,,,,,,
2023-04-25,,,,,,,
2023-04-26,,,,,,,
2023-04-27,,,,,,,
2023-04-28,,,,,,,
2023-04-29,,,,,,,
2023-04-30,,,,,,,
2023-05-01,,,,,,,
2023-05-02,,,,,,,
2023-05-03,,,,,,,
2023-05-04,,,,,,,
2023-05-05,,,,,,,
2023-05-06,,,,,,,
2023-05-07,,,,,,,
2023-05-08,,,,,,,
2023-05-09,,,,,,,
2023-05-10,,,,,,,
2023-05-11,,,,,,,
2023-05-12,,,,,,,
2023-05-13,,,,,,,
2023-05-14,,,,,,,
2023-05-15,2023-05-15 00:40:00,2023-05-15 08:30:00,469.0,7.816666666666666,0.9445628997867804,40.0,0.31666666666666643
2023-05-16,,,,,,,
2023-05-17,2023-05-17 01:51:00,2023-05-17 08:19:00,388.0,6.466666666666667,0.9742268041237113,111.0,-1.0333333333333332
2023-05-18,,,,,,,
2023-05-19,,,,,,,
2023-05-20,,,,,,,
2023-05-21,,,,,,,
2023-05-22,,,,,,,
2023-05-23,,,,,,,
2023-05-24,2023-05-24 02:00:00,2023-05-24 08:35:00,395.0,6.583333333333333,0.9189873417721519,120.0,-0.916666666666667
2023-05-25,,,,,,,
2023-05-26,,,,,,,
2023-05-27,,,,,,,
2023-05-28,,,,,,,
2023-05-29,,,,,,,
2023-05-30,2023-05-30 01:39:00,2023-05-30 08:11:00,393.0,6.55,0.9541984732824428,99.0,-0.9500000000000002
2023-05-31,2023-05-31 01:45:00,2023-05-31 08:20:00,394.0,6.566666666666666,0.9619289340101523,105.0,-0.9333333333333336
2023-06-01,,,,,,,
2023-06-02,,,,,,,
2023-06-03,,,,,,,
2023-06-04,,,,,,,
2023-06-05,2023-06-05 03:15:00,2023-06-05 08:30:00,315.0,5.25,0.9841269841269841,195.0,-2.25
2023-06-06,,,,,,,
2023-06-07,,,,,,,
2023-06-08,,,,,,,
2023-06-09,,,,,,,
2023-06-10,,,,,,,
2023-06-11,,,,,,,
2023-06-12,,,,,,,
2023-06-13,2023-06-13 02:00:00,2023-06-13 12:30:00,629.0,10.483333333333333,0.9268680445151033,120.0,2.9833333333333325
2023-06-14,,,,,,,
2023-06-15,,,,,,,
2023-06-16,,,,,,,
2023-06-17,,,,,,,
2023-06-18,,,,,,,
2023-06-19,,,,,,,
2023-06-20,,,,,,,
2023-06-21,,,,,,,
2023-06-22,,,,,,,
2023-06-23,,,,,,,
2023-06-24,,,,,,,
2023-06-25,,,,,,,
2023-06-26,,,,,,,
2023-06-27,,,,,,,
2023-06-28,,,,,,,
2023-06-29,,,,,,,
2023-06-30,,,,,,,
2023-07-01,,,,,,,
2023-07-02,,,,,,,
2023-07-03,,,,,,,
2023-07-04,,,,,,,
2023-07-05,,,,,,,
2023-07-06,,,,,,,
2023-07-07,,,,,,,
2023-07-08,,,,,,,
2023-07-09,,,,,,,
2023-07-10,,,,,,,
2023-07-11,,,,,,,
2023-07-12,2023-07-12 04:39:00,2023-07-12 13:00:00,500.0,8.333333333333334,0.93,279.0,0.8333333333333339
2023-07-13,2023-07-13 02:00:00,2023-07-13 08:46:00,406.0,6.766666666666667,0.9482758620689655,120.0,-0.7333333333333334
2023-07-14,,,,,,,
2023-07-15,,,,,,,
2023-07-16,,,,,,,
2023-07-17,2023-07-17 18:03:00,2023-07-17 20:00:00,117.0,1.95,0.9482758620689655,1083.0,-5.55
2023-07-18,,,,,,,
2023-07-19,,,,,,,
2023-07-20,,,,,,,
2023-07-21,,,,,,,
2023-07-22,,,,,,,
2023-07-23,,,,,,,
2023-07-24,,,,,,,
2023-07-25,,,,,,,
2023-07-26,,,,,,,
2023-07-27,,,,,,,
2023-07-28,,,,,,,
2023-07-29,,,,,,,
2023-07-30,,,,,,,
2023-07-31,,,,,,,
2023-08-01,,,,,,,
2023-08-02,,,,,,,
2023-08-03,,,,,,,
2023-08-04,,,,,,,
2023-08-05,,,,,,,
2023-08-06,,,,,,,
2023-08-07,,,,,,,
2023-08-08,,,,,,,
2023-08-09,,,,,,,
2023-08-10,,,,,,,
2023-08-11,,,,,,,
2023-08-12,,,,,,,
2023-08-13,,,,,,,
2023-08-14,,,,,,,
2023-08-15,,,,,,,
2023-08-16,,,,,,,
2023-08-17,,,,,,,
2023-08-18,,,,,,,
2023-08-19,,,,,,,
2023-08-20,,,,,,,
2023-08-21,,,,,,,
2023-08-22,2023-08-22 01:55:00,2023-08-22 11:47:00,592.0,9.866666666666667,0.9611486486486487,115.0,2.366666666666667
2023-08-23,2023-08-23 01:04:00,2023-08-23 07:22:00,378.0,6.3,0.9630606860158312,64.0,-1.2000000000000002
2023-08-24,2023-08-24 02:28:00,2023-08-24 11:57:00,569.0,9.483333333333333,0.9367311072056239,148.0,1.9833333333333325
2023-08-25,2023-08-25 01:16:00,2023-08-25 15:30:00,854.0,14.233333333333333,0.9262295081967213,76.0,6.7333333333333325
2023-08-26,,,,,,,
2023-08-27,,,,,,,
2023-08-28,2023-08-28 01:29:00,2023-08-28 07:30:00,360.0,6.0,0.95,89.0,-1.5
2023-08-29,,,,,,,
2023-08-30,,,,,,,
2023-08-31,,,,,,,
2023-09-01,,,,,,,
2023-09-02,,,,,,,
2023-09-03,,,,,,,
2023-09-04,,,,,,,
2023-09-05,,,,,,,
2023-09-06,,,,,,,
2023-09-07,2023-09-07 02:02:00,2023-09-07 09:30:00,447.0,7.45,0.970917225950783,122.0,-0.04999999999999982
2023-09-08,2023-09-08 03:34:00,2023-09-08 07:33:00,239.0,3.9833333333333334,0.9623430962343096,214.0,-3.5166666666666666
2023-09-09,2023-09-09 02:51:00,2023-09-09 06:49:00,238.0,3.966666666666667,0.9497907949790795,171.0,-3.533333333333333
2023-09-10,,,,,,,
2023-09-11,,,,,,,
2023-09-12,2023-09-12 03:29:00,2023-09-12 09:00:00,331.0,5.516666666666667,0.9454545454545454,209.0,-1.9833333333333334
2023-09-13,2023-09-13 02:31:00,2023-09-13 08:30:00,358.0,5.966666666666667,0.946927374301676,151.0,-1.5333333333333332
2023-09-14,2023-09-14 02:52:00,2023-09-14 09:19:00,387.0,6.45,0.9740932642487047,172.0,-1.0499999999999998
2023-09-15,2023-09-15 04:29:00,2023-09-15 08:30:00,241.0,4.016666666666667,0.966804979253112,269.0,-3.4833333333333334
2023-09-16,2023-09-16 05:00:00,2023-09-16 07:30:00,150.0,2.5,1.0,300.0,-5.0
2023-09-17,,,,,,,
2023-09-18,2023-09-17 20:00:00,2023-09-18 12:30:00,990.0,16.5,0.9535822401614531,1200.0,9.0
2023-09-19,2023-09-19 02:07:00,2023-09-19 09:22:00,435.0,7.25,0.9678899082568807,127.0,-0.25
2023-09-20,2023-09-20 03:03:00,2023-09-20 08:52:00,348.0,5.8,0.9054441260744985,183.0,-1.7000000000000002
2023-09-21,2023-09-21 00:48:00,2023-09-21 10:00:00,551.0,9.183333333333334,0.9728260869565217,48.0,1.6833333333333336
2023-09-22,2023-09-22 04:04:00,2023-09-22 09:00:00,296.0,4.933333333333334,0.9457627118644067,244.0,-2.5666666666666664
2023-09-23,2023-09-23 04:15:00,2023-09-23 12:30:00,494.0,8.233333333333333,0.9635627530364372,255.0,0.7333333333333325
2023-09-24,,,,,,,
2023-09-25,2023-09-25 04:00:00,2023-09-25 12:57:00,537.0,8.95,0.9702048417132216,240.0,1.4499999999999993
2023-09-26,2023-09-26 13:00:00,2023-09-26 15:35:00,155.0,2.5833333333333335,0.9935483870967742,780.0,-4.916666666666666
2023-09-27,2023-09-26 23:11:00,2023-09-27 07:30:00,499.0,8.316666666666666,0.8353413654618473,1391.0,0.8166666666666664
2023-09-28,2023-09-28 04:11:00,2023-09-28 09:30:00,319.0,5.316666666666666,0.9591194968553459,251.0,-2.1833333333333336
2023-09-29,2023-09-29 03:11:00,2023-09-29 07:30:00,259.0,4.316666666666666,0.9224806201550387,191.0,-3.1833333333333336
2023-09-30,2023-09-30 04:01:00,2023-09-30 06:54:00,173.0,2.8833333333333333,0.9942196531791907,241.0,-4.616666666666667
2023-10-01,,,,,,,
2023-10-02,2023-10-02 08:57:00,2023-10-02 16:21:00,444.0,7.4,0.9234234234234234,537.0,-0.09999999999999964
2023-10-03,2023-10-03 04:30:00,2023-10-03 10:06:00,336.0,5.6,0.9464285714285714,270.0,-1.9000000000000004
2023-10-04,2023-10-04 05:02:00,2023-10-04 12:12:00,430.0,7.166666666666667,0.8700696055684455,302.0,-0.33333333333333304
2023-10-05,,,,,,,
2023-10-06,,,,,,,
2023-10-07,,,,,,,
2023-10-08,,,,,,,
2023-10-09,2023-10-09 13:43:00,2023-10-09 15:35:00,112.0,1.8666666666666667,0.9911504424778761,823.0,-5.633333333333333
2023-10-10,2023-10-10 01:04:00,2023-10-10 09:30:00,505.0,8.416666666666666,0.9426877470355731,64.0,0.9166666666666661
2023-10-11,2023-10-11 03:42:00,2023-10-11 08:53:00,311.0,5.183333333333334,0.9581993569131833,222.0,-2.3166666666666664
2023-10-12,,,,,,,
2023-10-13,2023-10-13 00:37:00,2023-10-13 07:04:00,387.0,6.45,0.917098445595855,37.0,-1.0499999999999998
2023-10-14,2023-10-13 23:30:00,2023-10-14 09:34:00,604.0,10.066666666666666,0.9187396351575456,1410.0,2.5666666666666664
2023-10-15,,,,,,,
2023-10-16,2023-10-16 12:00:00,2023-10-16 15:00:00,180.0,3.0,0.7877094972067039,720.0,-4.5
2023-10-17,2023-10-17 05:51:00,2023-10-17 09:48:00,236.0,3.933333333333333,0.9872881355932204,351.0,-3.566666666666667
2023-10-18,2023-10-18 14:21:00,2023-10-18 17:00:00,159.0,2.65,0.9937106918238994,861.0,-4.85
2023-10-19,2023-10-19 05:10:00,2023-10-19 09:00:00,229.0,3.816666666666667,0.9781659388646288,310.0,-3.683333333333333
2023-10-20,,,,,,,
2023-10-21,,,,,,,
2023-10-22,2023-10-22 04:30:00,2023-10-22 11:59:00,450.0,7.5,0.8641425389755011,270.0,0.0
2023-10-23,2023-10-23 03:30:00,2023-10-23 11:00:00,450.0,7.5,0.9711111111111111,210.0,0.0
2023-10-24,2023-10-24 04:16:00,2023-10-24 09:00:00,284.0,4.733333333333333,0.9894366197183099,256.0,-2.7666666666666666
2023-10-25,2023-10-25 04:08:00,2023-10-25 09:00:00,292.0,4.866666666666666,0.9486301369863014,248.0,-2.6333333333333337
2023-10-26,2023-10-26 04:18:00,2023-10-26 09:30:00,312.0,5.2,0.9903846153846154,258.0,-2.3
2023-10-27,2023-10-27 05:16:00,2023-10-27 07:31:00,135.0,2.25,0.8059701492537313,316.0,-5.25
2023-10-28,2023-10-28 03:30:00,2023-10-28 14:29:00,659.0,10.983333333333333,0.906060606060606,210.0,3.4833333333333325
2023-10-29,,,,,,,
2023-10-30,2023-10-30 04:30:00,2023-10-30 13:00:00,510.0,8.5,0.9196078431372549,270.0,1.0
2023-10-31,2023-10-31 13:05:00,2023-10-31 17:00:00,234.0,3.9,0.7863247863247863,785.0,-3.6
2023-11-01,,,,,,,
2023-11-02,2023-11-02 03:38:00,2023-11-02 09:20:00,342.0,5.7,0.9736842105263158,218.0,-1.7999999999999998
2023-11-03,2023-11-03 05:00:00,2023-11-03 08:35:00,215.0,3.5833333333333335,0.986046511627907,300.0,-3.9166666666666665
2023-11-04,2023-11-04 06:32:00,2023-11-04 14:00:00,447.0,7.45,0.9129464285714286,392.0,-0.04999999999999982
2023-11-05,,,,,,,
2023-11-06,2023-11-06 03:15:00,2023-11-06 12:27:00,552.0,9.2,0.9836956521739131,195.0,1.6999999999999993
2023-11-07,2023-11-07 03:30:00,2023-11-07 09:30:00,360.0,6.0,0.9388888888888889,210.0,-1.5
2023-11-08,2023-11-08 05:02:00,2023-11-08 07:31:00,149.0,2.4833333333333334,0.9865771812080537,302.0,-5.016666666666667
2023-11-09,2023-11-09 13:55:00,2023-11-09 16:39:00,164.0,2.7333333333333334,0.8902439024390244,835.0,-4.766666666666667
2023-11-10,2023-11-10 06:02:00,2023-11-10 12:38:00,396.0,6.6,0.9368686868686869,362.0,-0.9000000000000004
2023-11-11,2023-11-11 05:54:00,2023-11-11 12:47:00,413.0,6.883333333333334,0.9806295399515739,354.0,-0.6166666666666663
2023-11-12,2023-11-12 05:20:00,2023-11-12 13:00:00,459.0,7.65,0.9433551198257081,320.0,0.15000000000000036
2023-11-13,2023-11-13 06:13:00,2023-11-13 12:59:00,406.0,6.766666666666667,0.8990147783251231,373.0,-0.7333333333333334
2023-11-14,2023-11-14 14:47:00,2023-11-14 16:58:00,131.0,2.183333333333333,0.9538461538461539,887.0,-5.316666666666666
2023-11-15,2023-11-15 05:12:00,2023-11-15 08:48:00,215.0,3.5833333333333335,0.9767441860465116,312.0,-3.9166666666666665
2023-11-16,2023-11-16 04:06:00,2023-11-16 08:00:00,233.0,3.8833333333333333,0.9570815450643777,246.0,-3.6166666666666667
2023-11-17,2023-11-17 06:30:00,2023-11-17 12:56:00,387.0,6.45,0.9664082687338501,390.0,-1.0499999999999998
2023-11-18,2023-11-18 05:34:00,2023-11-18 13:00:00,445.0,7.416666666666667,0.9662921348314607,334.0,-0.08333333333333304
2023-11-19,2023-11-19 09:00:00,2023-11-19 12:37:00,218.0,3.6333333333333333,0.981651376146789,540.0,-3.8666666666666667
2023-11-20,,,,,,,
2023-11-21,,,,,,,
2023-11-22,2023-11-22 05:00:00,2023-11-22 13:00:00,480.0,8.0,0.8791666666666667,300.0,0.5
2023-11-23,,,,,,,
2023-11-24,,,,,,,
2023-11-25,,,,,,,
2023-11-26,,,,,,,
2023-11-27,,,,,,,
2023-11-28,,,,,,,
2023-11-29,,,,,,,
2023-11-30,2023-11-30 04:27:00,2023-11-30 12:08:00,460.0,7.666666666666667,0.9608695652173913,267.0,0.16666666666666696
2023-12-01,,,,,,,
2023-12-02,,,,,,,
2023-12-03,,,,,,,
2023-12-04,2023-12-04 05:47:00,2023-12-04 12:04:00,377.0,6.283333333333333,0.9308510638297872,347.0,-1.2166666666666668
2023-12-05,,,,,,,
2023-12-06,,,,,,,
2023-12-07,2023-12-07 06:34:00,2023-12-07 11:21:00,287.0,4.783333333333333,0.9825783972125436,394.0,-2.716666666666667
2023-12-08,2023-12-07 23:00:00,2023-12-08 03:36:00,277.0,4.616666666666666,0.8086642599277978,1380.0,-2.8833333333333337
2023-12-09,,,,,,,
2023-12-10,,,,,,,
2023-12-11,,,,,,,
2023-12-12,,,,,,,
2023-12-13,,,,,,,
2023-12-14,,,,,,,
2023-12-15,,,,,,,
2023-12-16,,,,,,,
2023-12-17,,,,,,,
2023-12-18,,,,,,,
2023-12-19,,,,,,,
2023-12-20,,,,,,,
2023-12-21,,,,,,,
2023-12-22,,,,,,,
2023-12-23,,,,,,,
2023-12-24,,,,,,,
2023-12-25,,,,,,,
2023-12-26,,,,,,,
2023-12-27,,,,,,,
2023-12-28,,,,,,,
2023-12-29,,,,,,,
2023-12-30,,,,,,,
2023-12-31,,,,,,,
2024-01-01,,,,,,,
2024-01-02,,,,,,,
2024-01-03,,,,,,,
2024-01-04,,,,,,,
2024-01-05,,,,,,,
2024-01-06,,,,,,,
2024-01-07,,,,,,,
2024-01-08,2024-01-07 22:40:00,2024-01-08 10:39:00,719.0,11.983333333333333,0.9262865090403338,1360.0,4.4833333333333325
2024-01-09,,,,,,,
2024-01-10,2024-01-10 01:30:00,2024-01-10 12:00:00,630.0,10.5,1.0,90.0,3.0
2024-01-11,2024-01-11 02:45:00,2024-01-11 09:30:00,404.0,6.733333333333333,0.9554455445544554,165.0,-0.7666666666666666
2024-01-12,,,,,,,
2024-01-13,,,,,,,
2024-01-14,,,,,,,
2024-01-15,,,,,,,
2024-01-16,,,,,,,
2024-01-17,2024-01-17 02:58:00,2024-01-17 11:21:00,503.0,8.383333333333333,0.9542743538767395,178.0,0.8833333333333329
2024-01-18,,,,,,,
2024-01-19,2024-01-19 00:50:00,2024-01-19 07:32:00,402.0,6.7,0.9650872817955112,50.0,-0.7999999999999998
2024-01-20,,,,,,,
2024-01-21,,,,,,,
2024-01-22,,,,,,,
2024-01-23,,,,,,,
2024-01-24,,,,,,,
2024-01-25,,,,,,,
2024-01-26,,,,,,,
2024-01-27,,,,,,,
2024-01-28,,,,,,,
2024-01-29,,,,,,,
2024-01-30,,,,,,,
2024-01-31,,,,,,,
2024-02-01,,,,,,,
2024-02-02,,,,,,,
2024-02-03,,,,,,,
2024-02-04,,,,,,,
2024-02-05,,,,,,,
2024-02-06,,,,,,,
2024-02-07,2024-02-07 02:28:00,2024-02-07 07:48:00,320.0,5.333333333333333,0.95,148.0,-2.166666666666667
2024-02-08,2024-02-08 02:00:00,2024-02-08 07:40:00,341.0,5.683333333333334,0.8382352941176471,120.0,-1.8166666666666664
2024-02-09,2024-02-09 04:47:00,2024-02-09 07:40:00,174.0,2.9,0.9310344827586207,287.0,-4.6
2024-02-10,,,,,,,
2024-02-11,,,,,,,
2024-02-12,,,,,,,
2024-02-13,,,,,,,
2024-02-14,,,,,,,
2024-02-15,,,,,,,
2024-02-16,,,,,,,
2024-02-17,,,,,,,
2024-02-18,,,,,,,
2024-02-19,,,,,,,
2024-02-20,,,,,,,
2024-02-21,2024-02-21 10:15:00,2024-02-21 13:15:00,180.0,3.0,0.9441340782122905,615.0,-4.5
2024-02-22,,,,,,,
2024-02-23,,,,,,,
2024-02-24,,,,,,,
2024-02-25,,,,,,,
2024-02-26,,,,,,,
2024-02-27,,,,,,,
2024-02-28,,,,,,,
2024-02-29,,,,,,,
2024-03-01,,,,,,,
2024-03-02,,,,,,,
2024-03-03,,,,,,,
2024-03-04,,,,,,,
2024-03-05,,,,,,,
2024-03-06,,,,,,,
2024-03-07,,,,,,,
2024-03-08,,,,,,,
2024-03-09,,,,,,,
2024-03-10,,,,,,,
2024-03-11,,,,,,,
2024-03-12,,,,,,,
2024-03-13,,,,,,,
2024-03-14,,,,,,,
2024-03-15,,,,,,,
2024-03-16,,,,,,,
2024-03-17,,,,,,,
2024-03-18,,,,,,,
2024-03-19,,,,,,,
2024-03-20,,,,,,,
2024-03-21,,,,,,,
2024-03-22,,,,,,,
2024-03-23,,,,,,,
2024-03-24,,,,,,,
2024-03-25,,,,,,,
2024-03-26,,,,,,,
2024-03-27,,,,,,,
2024-03-28,,,,,,,
2024-03-29,,,,,,,
2024-03-30,,,,,,,
2024-03-31,,,,,,,
2024-04-01,,,,,,,
2024-04-02,,,,,,,
2024-04-03,,,,,,,
2024-04-04,,,,,,,
2024-04-05,,,,,,,
2024-04-06,,,,,,,
2024-04-07,,,,,,,
2024-04-08,,,,,,,
2024-04-09,,,,,,,
2024-04-10,,,,,,,
2024-04-11,,,,,,,
2024-04-12,,,,,,,
2024-04-13,,,,,,,
2024-04-14,,,,,,,
2024-04-15,,,,,,,
2024-04-16,,,,,,,
2024-04-17,,,,,,,
2024-04-18,,,,,,,
2024-04-19,,,,,,,
2024-04-20,,,,,,,
2024-04-21,,,,,,,
2024-04-22,,,,,,,
2024-04-23,,,,,,,
2024-04-24,,,,,,,
2024-04-25,,,,,,,
2024-04-26,,,,,,,
2024-04-27,,,,,,,
2024-04-28,,,,,,,
2024-04-29,,,,,,,
2024-04-30,,,,,,,
2024-05-01,,,,,,,
2024-05-02,,,,,,,
2024-05-03,,,,,,,
2024-05-04,,,,,,,
2024-05-05,,,,,,,
2024-05-06,2024-05-06 05:00:00,2024-05-06 12:00:00,420.0,7.0,0.8690476190476191,300.0,-0.5
2024-05-07,2024-05-07 01:55:00,2024-05-07 09:07:00,432.0,7.2,0.9745370370370371,115.0,-0.2999999999999998
2024-05-08,2024-05-08 01:38:00,2024-05-08 10:30:00,531.0,8.85,0.8849056603773585,98.0,1.3499999999999996
2024-05-09,2024-05-09 05:21:00,2024-05-09 11:36:00,375.0,6.25,0.9893333333333333,321.0,-1.25
2024-05-10,,,,,,,
2024-05-11,,,,,,,
2024-05-12,2024-05-12 03:26:00,2024-05-12 11:01:00,455.0,7.583333333333333,0.9868421052631579,206.0,0.08333333333333304
2024-05-13,,,,,,,
2024-05-14,,,,,,,
2024-05-15,,,,,,,
2024-05-16,2024-05-16 04:16:00,2024-05-16 11:00:00,404.0,6.733333333333333,0.9876237623762376,256.0,-0.7666666666666666
2024-05-17,,,,,,,
2024-05-18,,,,,,,
2024-05-19,,,,,,,
2024-05-20,,,,,,,
2024-05-21,2024-05-21 03:32:00,2024-05-21 10:00:00,388.0,6.466666666666667,0.9768041237113402,212.0,-1.0333333333333332
2024-05-22,,,,,,,
2024-05-23,,,,,,,
2024-05-24,2024-05-24 02:54:00,2024-05-24 10:03:00,430.0,7.166666666666667,0.9744186046511628,174.0,-0.33333333333333304
2024-05-25,2024-05-25 03:37:00,2024-05-25 10:30:00,413.0,6.883333333333334,0.9685230024213075,217.0,-0.6166666666666663
2024-05-26,,,,,,,
2024-05-27,,,,,,,
2024-05-28,,,,,,,
2024-05-29,,,,,,,
2024-05-30,,,,,,,
2024-05-31,,,,,,,
2024-06-01,,,,,,,
2024-06-02,,,,,,,
2024-06-03,,,,,,,
2024-06-04,,,,,,,
2024-06-05,,,,,,,
2024-06-06,,,,,,,
2024-06-07,,,,,,,
2024-06-08,,,,,,,
2024-06-09,,,,,,,
2024-06-10,,,,,,,
2024-06-11,,,,,,,
2024-06-12,2024-06-12 21:30:00,2024-06-12 23:45:00,136.0,2.2666666666666666,0.9926470588235294,1290.0,-5.233333333333333
2024-06-13,2024-06-13 18:00:00,2024-06-13 21:00:00,180.0,3.0,1.0,1080.0,-4.5
2024-06-14,,,,,,,
2024-06-15,,,,,,,
2024-06-16,,,,,,,
2024-06-17,,,,,,,
2024-06-18,,,,,,,
2024-06-19,2024-06-19 18:30:00,2024-06-19 22:00:00,210.0,3.5,1.0,1110.0,-4.0
2024-06-20,,,,,,,
2024-06-21,,,,,,,
2024-06-22,,,,,,,
2024-06-23,,,,,,,
2024-06-24,,,,,,,
2024-06-25,,,,,,,
2024-06-26,,,,,,,
2024-06-27,,,,,,,
2024-06-28,,,,,,,
2024-06-29,,,,,,,
2024-06-30,,,,,,,
2024-07-01,,,,,,,
2024-07-02,,,,,,,
2024-07-03,,,,,,,
2024-07-04,,,,,,,
2024-07-05,,,,,,,
2024-07-06,,,,,,,
2024-07-07,,,,,,,
2024-07-08,,,,,,,
2024-07-09,,,,,,,
2024-07-10,,,,,,,
2024-07-11,,,,,,,
2024-07-12,,,,,,,
2024-07-13,,,,,,,
2024-07-14,,,,,,,
2024-07-15,,,,,,,
2024-07-16,,,,,,,
2024-07-17,,,,,,,
2024-07-18,,,,,,,
2024-07-19,,,,,,,
2024-07-20,,,,,,,
2024-07-21,,,,,,,
2024-07-22,,,,,,,
2024-07-23,,,,,,,
2024-07-24,,,,,,,
2024-07-25,,,,,,,
2024-07-26,,,,,,,
2024-07-27,,,,,,,
2024-07-28,,,,,,,
2024-07-29,,,,,,,
2024-07-30,,,,,,,
2024-07-31,,,,,,,
2024-08-01,,,,,,,
2024-08-02,,,,,,,
2024-08-03,,,,,,,
2024-08-04,,,,,,,
2024-08-05,,,,,,,
2024-08-06,,,,,,,
2024-08-07,,,,,,,
2024-08-08,,,,,,,
2024-08-09,,,,,,,
2024-08-10,,,,,,,
2024-08-11,,,,,,,
2024-08-12,,,,,,,
2024-08-13,,,,,,,
2024-08-14,,,,,,,
2024-08-15,,,,,,,
2024-08-16,,,,,,,
2024-08-17,,,,,,,
2024-08-18,,,,,,,
2024-08-19,,,,,,,
2024-08-20,,,,,,,
2024-08-21,,,,,,,
2024-08-22,,,,,,,
2024-08-23,,,,,,,
2024-08-24,,,,,,,
2024-08-25,,,,,,,
2024-08-26,,,,,,,
2024-08-27,,,,,,,
2024-08-28,,,,,,,
2024-08-29,,,,,,,
2024-08-30,,,,,,,
2024-08-31,,,,,,,
2024-09-01,,,,,,,
2024-09-02,,,,,,,
2024-09-03,,,,,,,
2024-09-04,,,,,,,
2024-09-05,,,,,,,
2024-09-06,,,,,,,
2024-09-07,,,,,,,
2024-09-08,2024-09-08 03:08:00,2024-09-08 10:59:00,472.0,7.866666666666666,0.9682203389830508,188.0,0.36666666666666625
2024-09-09,,,,,,,
2024-09-10,,,,,,,
2024-09-11,,,,,,,
2024-09-12,,,,,,,
2024-09-13,,,,,,,
2024-09-14,,,,,,,
2024-09-15,,,,,,,
2024-09-16,,,,,,,
2024-09-17,,,,,,,
2024-09-18,,,,,,,
2024-09-19,,,,,,,
2024-09-20,,,,,,,
2024-09-21,,,,,,,
2024-09-22,,,,,,,
2024-09-23,,,,,,,
2024-09-24,,,,,,,
2024-09-25,,,,,,,
2024-09-26,,,,,,,
2024-09-27,,,,,,,
2024-09-28,,,,,,,
2024-09-29,,,,,,,
2024-09-30,,,,,,,
2024-10-01,,,,,,,
2024-10-02,,,,,,,
2024-10-03,,,,,,,
2024-10-04,,,,,,,
2024-10-05,,,,,,,
2024-10-06,,,,,,,
2024-10-07,,,,,,,
2024-10-08,,,,,,,
2024-10-09,,,,,,,
2024-10-10,,,,,,,
2024-10-11,,,,,,,
2024-10-12,,,,,,,
2024-10-13,,,,,,,
2024-10-14,,,,,,,
2024-10-15,,,,,,,
2024-10-16,,,,,,,
2024-10-17,,,,,,,
2024-10-18,,,,,,,
2024-10-19,,,,,,,
2024-10-20,,,,,,,
2024-10-21,,,,,,,
2024-10-22,,,,,,,
2024-10-23,,,,,,,
2024-10-24,,,,,,,
2024-10-25,,,,,,,
2024-10-26,,,,,,,
2024-10-27,,,,,,,
2024-10-28,,,,,,,
2024-10-29,,,,,,,
2024-10-30,,,,,,,
2024-10-31,,,,,,,
2024-11-01,,,,,,,
2024-11-02,,,,,,,
2024-11-03,,,,,,,
2024-11-04,,,,,,,
2024-11-05,,,,,,,
2024-11-06,,,,,,,
2024-11-07,,,,,,,
2024-11-08,,,,,,,
2024-11-09,,,,,,,
2024-11-10,,,,,,,
2024-11-11,,,,,,,
2024-11-12,,,,,,,
2024-11-13,,,,,,,
2024-11-14,,,,,,,
2024-11-15,,,,,,,
2024-11-16,,,,,,,
2024-11-17,,,,,,,
2024-11-18,,,,,,,
2024-11-19,,,,,,,
2024-11-20,,,,,,,
2024-11-21,,,,,,,
2024-11-22,,,,,,,
2024-11-23,,,,,,,
2024-11-24,,,,,,,
2024-11-25,,,,,,,
2024-11-26,,,,,,,
2024-11-27,,,,,,,
2024-11-28,,,,,,,
2024-11-29,,,,,,,
2024-11-30,,,,,,,
2024-12-01,,,,,,,
2024-12-02,,,,,,,
2024-12-03,,,,,,,
2024-12-04,,,,,,,
2024-12-05,,,,,,,
2024-12-06,,,,,,,
2024-12-07,,,,,,,
2024-12-08,,,,,,,
2024-12-09,,,,,,,
2024-12-10,,,,,,,
2024-12-11,,,,,,,
2024-12-12,,,,,,,
2024-12-13,,,,,,,
2024-12-14,,,,,,,
2024-12-15,,,,,,,
2024-12-16,,,,,,,
2024-12-17,,,,,,,
2024-12-18,,,,,,,
2024-12-19,,,,,,,
2024-12-20,,,,,,,
2024-12-21,,,,,,,
2024-12-22,,,,,,,
2024-12-23,,,,,,,
2024-12-24,,,,,,,
2024-12-25,,,,,,,
2024-12-26,,,,,,,
2024-12-27,,,,,,,
2024-12-28,,,,,,,
2024-12-29,,,,,,,
2024-12-30,,,,,,,
2024-12-31,,,,,,,
2025-01-01,,,,,,,
2025-01-02,,,,,,,
2025-01-03,,,,,,,
2025-01-04,,,,,,,
2025-01-05,,,,,,,
2025-01-06,,,,,,,
2025-01-07,,,,,,,
2025-01-08,,,,,,,
2025-01-09,,,,,,,
2025-01-10,,,,,,,
2025-01-11,,,,,,,
2025-01-12,,,,,,,
2025-01-13,,,,,,,
2025-01-14,,,,,,,
2025-01-15,,,,,,,
2025-01-16,,,,,,,
2025-01-17,,,,,,,
2025-01-18,,,,,,,
2025-01-19,,,,,,,
2025-01-20,,,,,,,
2025-01-21,,,,,,,
2025-01-22,,,,,,,
2025-01-23,,,,,,,
2025-01-24,,,,,,,
2025-01-25,,,,,,,
2025-01-26,,,,,,,
2025-01-27,,,,,,,
2025-01-28,,,,,,,
2025-01-29,,,,,,,
2025-01-30,,,,,,,
2025-01-31,,,,,,,
2025-02-01,,,,,,,
2025-02-02,,,,,,,
2025-02-03,,,,,,,
2025-02-04,,,,,,,
2025-02-05,,,,,,,
2025-02-06,,,,,,,
2025-02-07,,,,,,,
2025-02-08,,,,,,,
2025-02-09,2025-02-09 19:32:00,2025-02-09 21:04:00,91.0,1.5166666666666666,0.8695652173913043,1172.0,-5.983333333333333
2025-02-10,,,,,,,
2025-02-11,,,,,,,
2025-02-12,,,,,,,
2025-02-13,,,,,,,
2025-02-14,2025-02-14 14:54:00,2025-02-14 18:36:00,222.0,3.7,0.9641255605381166,894.0,-3.8
2025-02-15,,,,,,,
2025-02-16,,,,,,,
2025-02-17,,,,,,,
2025-02-18,,,,,,,
2025-02-19,,,,,,,
2025-02-20,,,,,,,
2025-02-21,,,,,,,
2025-02-22,2025-02-22 16:30:00,2025-02-22 19:00:00,150.0,2.5,0.8133333333333334,990.0,-5.0
2025-02-23,,,,,,,
2025-02-24,,,,,,,
2025-02-25,,,,,,,
2025-02-26,,,,,,,
2025-02-27,,,,,,,
2025-02-28,,,,,,,
2025-03-01,,,,,,,
2025-03-02,,,,,,,
2025-03-03,,,,,,,
2025-03-04,,,,,,,
2025-03-05,,,,,,,
2025-03-06,,,,,,,
2025-03-07,,,,,,,
2025-03-08,,,,,,,
2025-03-09,,,,,,,
2025-03-10,,,,,,,
2025-03-11,,,,,,,
2025-03-12,,,,,,,
2025-03-13,,,,,,,
2025-03-14,,,,,,,
2025-03-15,,,,,,,
2025-03-16,,,,,,,
2025-03-17,,,,,,,
2025-03-18,,,,,,,
2025-03-19,,,,,,,
2025-03-20,,,,,,,
2025-03-21,,,,,,,
2025-03-22,,,,,,,
2025-03-23,,,,,,,
2025-03-24,2025-03-24 02:51:00,2025-03-24 10:00:00,428.0,7.133333333333334,0.9673659673659674,171.0,-0.36666666666666625
2025-03-25,,,,,,,
2025-03-26,,,,,,,
2025-03-27,,,,,,,
2025-03-28,,,,,,,
2025-03-29,,,,,,,
2025-03-30,,,,,,,
2025-03-31,,,,,,,
2025-04-01,,,,,,,
2025-04-02,,,,,,,
2025-04-03,,,,,,,
2025-04-04,,,,,,,
2025-04-05,,,,,,,
2025-04-06,,,,,,,
2025-04-07,,,,,,,
2025-04-08,,,,,,,
2025-04-09,,,,,,,
2025-04-10,,,,,,,
2025-04-11,,,,,,,
2025-04-12,,,,,,,
2025-04-13,,,,,,,
2025-04-14,,,,,,,
2025-04-15,,,,,,,
2025-04-16,,,,,,,
2025-04-17,,,,,,,
2025-04-18,,,,,,,
2025-04-19,,,,,,,
2025-04-20,,,,,,,
2025-04-21,,,,,,,
2025-04-22,,,,,,,
2025-04-23,,,,,,,
2025-04-24,,,,,,,
2025-04-25,,,,,,,
2025-04-26,,,,,,,
2025-04-27,,,,,,,
2025-04-28,,,,,,,
2025-04-29,,,,,,,
2025-04-30,,,,,,,
2025-05-01,,,,,,,
2025-05-02,,,,,,,
2025-05-03,,,,,,,
2025-05-04,,,,,,,
2025-05-05,,,,,,,
2025-05-06,,,,,,,
2025-05-07,,,,,,,
2025-05-08,,,,,,,
2025-05-09,,,,,,,
2025-05-10,,,,,,,
2025-05-11,,,,,,,
2025-05-12,,,,,,,
2025-05-13,,,,,,,
2025-05-14,,,,,,,
2025-05-15,,,,,,,
2025-05-16,,,,,,,
2025-05-17,,,,,,,
2025-05-18,,,,,,,
2025-05-19,,,,,,,
2025-05-20,,,,,,,
2025-05-21,,,,,,,
2025-05-22,,,,,,,
2025-05-23,,,,,,,
2025-05-24,,,,,,,
2025-05-25,2025-05-25 02:17:00,2025-05-25 06:30:00,253.0,4.216666666666667,1.0,137.0,-3.283333333333333
2025-05-26,2025-05-25 22:00:00,2025-05-26 00:30:00,150.0,2.5,1.0,1320.0,-5.0
2025-05-27,,,,,,,
2025-05-28,,,,,,,
2025-05-29,,,,,,,
2025-05-30,,,,,,,
2025-05-31,,,,,,,
2025-06-01,,,,,,,
2025-06-02,,,,,,,
2025-06-03,,,,,,,
2025-06-04,,,,,,,
2025-06-05,,,,,,,
2025-06-06,,,,,,,
2025-06-07,,,,,,,
2025-06-08,,,,,,,
2025-06-09,,,,,,,
2025-06-10,,,,,,,
2025-06-11,,,,,,,
2025-06-12,2025-06-12 02:11:00,2025-06-12 10:00:00,469.0,7.816666666666666,0.9040511727078892,131.0,0.31666666666666643
2025-06-13,2025-06-13 00:23:00,2025-06-13 09:49:00,566.0,9.433333333333334,0.9061946902654867,23.0,1.9333333333333336
2025-06-14,,,,,,,
2025-06-15,,,,,,,
2025-06-16,,,,,,,
2025-06-17,,,,,,,
2025-06-18,,,,,,,
2025-06-19,,,,,,,
2025-06-20,,,,,,,
2025-06-21,,,,,,,
2025-06-22,,,,,,,
2025-06-23,,,,,,,
2025-06-24,,,,,,,
2025-06-25,,,,,,,
2025-06-26,,,,,,,
2025-06-27,,,,,,,
2025-06-28,,,,,,,
2025-06-29,,,,,,,
2025-06-30,,,,,,,
2025-07-01,,,,,,,
2025-07-02,,,,,,,
2025-07-03,,,,,,,
2025-07-04,,,,,,,
2025-07-05,,,,,,,
2025-07-06,2025-07-06 21:41:00,2025-07-06 23:13:00,92.0,1.5333333333333334,0.7608695652173914,1301.0,-5.966666666666667
2025-07-07,,,,,,,
2025-07-08,,,,,,,
2025-07-09,,,,,,,
2025-07-10,,,,,,,
2025-07-11,,,,,,,
2025-07-12,,,,,,,
2025-07-13,,,,,,,
2025-07-14,,,,,,,
2025-07-15,,,,,,,
2025-07-16,,,,,,,
2025-07-17,2025-07-17 02:34:00,2025-07-17 09:42:00,428.0,7.133333333333334,0.9742990654205608,154.0,-0.36666666666666625
2025-07-18,,,,,,,
2025-07-19,,,,,,,
2025-07-20,,,,,,,
2025-07-21,,,,,,,
2025-07-22,,,,,,,
2025-07-23,,,,,,,
2025-07-24,,,,,,,
2025-07-25,,,,,,,
2025-07-26,,,,,,,
2025-07-27,,,,,,,
2025-07-28,,,,,,,
2025-07-29,,,,,,,
2025-07-30,,,,,,,
2025-07-31,,,,,,,
2025-08-01,,,,,,,
2025-08-02,,,,,,,
2025-08-03,,,,,,,
2025-08-04,,,,,,,
2025-08-05,,,,,,,
2025-08-06,,,,,,,
2025-08-07,,,,,,,
2025-08-08,,,,,,,
2025-08-09,,,,,,,
2025-08-10,,,,,,,
2025-08-11,,,,,,,
2025-08-12,,,,,,,
2025-08-13,,,,,,,
2025-08-14,,,,,,,
2025-08-15,,,,,,,
2025-08-16,,,,,,,
2025-08-17,,,,,,,
2025-08-18,,,,,,,
2025-08-19,,,,,,,
2025-08-20,,,,,,,
2025-08-21,,,,,,,
2025-08-22,,,,,,,
2025-08-23,,,,,,,
2025-08-24,,,,,,,
2025-08-25,,,,,,,
2025-08-26,,,,,,,
2025-08-27,,,,,,,
2025-08-28,,,,,,,
2025-08-29,,,,,,,
2025-08-30,,,,,,,
2025-08-31,,,,,,,
2025-09-01,,,,,,,
2025-09-02,2025-09-02 02:30:00,2025-09-02 07:22:00,293.0,4.883333333333334,0.8395904436860068,150.0,-2.6166666666666663
2025-09-03,,,,,,,
2025-09-04,,,,,,,
2025-09-05,,,,,,,
2025-09-06,,,,,,,
2025-09-07,,,,,,,
2025-09-08,,,,,,,
2025-09-09,,,,,,,
2025-09-10,,,,,,,
2025-09-11,,,,,,,
2025-09-12,,,,,,,
2025-09-13,,,,,,,
2025-09-14,,,,,,,
2025-09-15,,,,,,,
2025-09-16,2025-09-16 00:47:00,2025-09-16 08:10:00,443.0,7.383333333333334,0.831081081081081,47.0,-0.11666666666666625
2025-09-17,,,,,,,
2025-09-18,2025-09-18 01:22:00,2025-09-18 08:00:00,398.0,6.633333333333334,0.72544080604534,82.0,-0.8666666666666663
2025-09-19,2025-09-18 22:00:00,2025-09-19 03:00:00,300.0,5.0,1.0,1320.0,-2.5
2025-09-20,2025-09-20 01:03:00,2025-09-20 07:46:00,403.0,6.716666666666667,0.674937965260546,63.0,-0.7833333333333332
2025-09-21,2025-09-21 06:00:00,2025-09-21 10:56:00,296.0,4.933333333333334,0.9695945945945946,360.0,-2.5666666666666664
2025-09-22,,,,,,,
2025-09-23,,,,,,,
2025-09-24,2025-09-24 02:30:00,2025-09-24 11:48:00,559.0,9.316666666666666,0.8998211091234347,150.0,1.8166666666666664
2025-09-25,2025-09-25 00:10:00,2025-09-25 08:16:00,486.0,8.1,0.9650205761316872,10.0,0.5999999999999996
2025-09-26,2025-09-25 23:33:00,2025-09-26 10:56:00,683.0,11.383333333333333,0.8257686676427526,1413.0,3.883333333333333
2025-09-27,2025-09-27 01:00:00,2025-09-27 12:00:00,660.0,11.0,0.7818181818181819,60.0,3.5
2025-09-28,2025-09-28 02:00:00,2025-09-28 12:00:00,600.0,10.0,0.9066666666666666,120.0,2.5
2025-09-29,2025-09-29 01:30:00,2025-09-29 07:00:00,330.0,5.5,0.9606060606060606,90.0,-2.0
2025-09-30,2025-09-29 23:00:00,2025-09-30 08:14:00,555.0,9.25,0.983754512635379,1380.0,1.75
2025-10-01,2025-10-01 02:19:00,2025-10-01 08:30:00,371.0,6.183333333333334,0.9702702702702702,139.0,-1.3166666666666664
2025-10-02,2025-10-01 23:30:00,2025-10-02 11:00:00,690.0,11.5,0.894356005788712,1410.0,4.0
2025-10-03,2025-10-03 01:00:00,2025-10-03 08:30:00,450.0,7.5,0.9311111111111111,60.0,0.0
2025-10-04,,,,,,,
2025-10-05,,,,,,,
2025-10-06,,,,,,,
2025-10-07,2025-10-07 00:16:00,2025-10-07 12:00:00,704.0,11.733333333333333,0.8933143669985776,16.0,4.2333333333333325
2025-10-08,2025-10-08 00:50:00,2025-10-08 07:39:00,409.0,6.816666666666666,0.9486552567237164,50.0,-0.6833333333333336
2025-10-09,2025-10-08 23:00:00,2025-10-09 07:43:00,524.0,8.733333333333333,0.9446564885496184,1380.0,1.2333333333333325
2025-10-10,2025-10-10 03:38:00,2025-10-10 06:28:00,170.0,2.8333333333333335,0.9882352941176471,218.0,-4.666666666666666
2025-10-11,,,,,,,
2025-10-12,,,,,,,
2025-10-13,2025-10-13 00:27:00,2025-10-13 07:57:00,450.0,7.5,0.9666666666666667,27.0,0.0
2025-10-14,2025-10-14 00:37:00,2025-10-14 09:30:00,532.0,8.866666666666667,0.8947368421052632,37.0,1.3666666666666671
2025-10-15,,,,,,,
2025-10-16,,,,,,,
2025-10-17,2025-10-16 23:19:00,2025-10-17 08:28:00,548.0,9.133333333333333,0.958029197080292,1399.0,1.6333333333333329
2025-10-18,2025-10-17 23:34:00,2025-10-18 10:35:00,661.0,11.016666666666667,0.9773071104387292,1414.0,3.5166666666666675
2025-10-19,,,,,,,
2025-10-20,2025-10-19 23:00:00,2025-10-20 08:00:00,540.0,9.0,0.9796672828096118,1380.0,1.5
2025-10-21,,,,,,,
2025-10-22,,,,,,,
2025-10-23,,,,,,,
2025-10-24,,,,,,,
2025-10-25,,,,,,,
2025-10-26,,,,,,,
2025-10-27,,,,,,,
2025-10-28,,,,,,,
2025-10-29,2025-10-29 01:44:00,2025-10-29 07:00:00,315.0,5.25,0.9841269841269841,104.0,-2.25
2025-10-30,2025-10-30 01:00:00,2025-10-30 06:09:00,310.0,5.166666666666667,0.9387096774193548,60.0,-2.333333333333333
2025-10-31,2025-10-31 01:30:00,2025-10-31 10:11:00,522.0,8.7,0.9003831417624522,90.0,1.1999999999999993
2025-11-01,,,,,,,
2025-11-02,,,,,,,
2025-11-03,,,,,,,
2025-11-04,,,,,,,
2025-11-05,,,,,,,
2025-11-06,,,,,,,
2025-11-07,,,,,,,
2025-11-08,,,,,,,
2025-11-09,,,,,,,
2025-11-10,,,,,,,
2025-11-11,,,,,,,
2025-11-12,,,,,,,
2025-11-13,,,,,,,
2025-11-14,,,,,,,
2025-11-15,,,,,,,
2025-11-16,,,,,,,
2025-11-17,,,,,,,
2025-11-18,,,,,,,
2025-11-19,2025-11-19 03:54:00,2025-11-19 07:15:00,201.0,3.35,0.9601990049751243,234.0,-4.15
2025-11-20,2025-11-20 00:37:00,2025-11-20 07:20:00,403.0,6.716666666666667,0.9627791563275434,37.0,-0.7833333333333332
2025-11-21,2025-11-21 03:39:00,2025-11-21 07:22:00,223.0,3.716666666666667,0.9009009009009009,219.0,-3.783333333333333
