Start,End,Time Zone,Duration,Restful Minutes, Restless Minutes, Awake Minutes
2025-11-21 3:39 AM,2025-11-21 7:22 AM,EST,223,200,22,0
2025-11-20 12:37 AM,2025-11-20 7:20 AM,EST,403,388,15,0
2025-11-19 3:54 AM,2025-11-19 7:15 AM,EST,201,193,8,0
2025-10-31 1:30 AM,2025-10-31 10:11 AM,EST,522,470,46,6
2025-10-30 1:00 AM,2025-10-30 6:09 AM,EST,310,291,19,0
2025-10-29 1:44 AM,2025-10-29 7:00 AM,EST,315,310,5,0
2025-10-19 11:00 PM,2025-10-20 8:00 AM,EST,540,530,10,1
2025-10-17 11:34 PM,2025-10-18 10:35 AM,EST,661,646,7,8
2025-10-16 11:19 PM,2025-10-17 8:28 AM,EST,548,525,23,0
2025-10-14 12:37 AM,2025-10-14 9:30 AM,EST,532,476,47,9
2025-10-13 12:27 AM,2025-10-13 7:57 AM,EST,450,435,15,0
2025-10-10 3:38 AM,2025-10-10 6:28 AM,EST,170,168,2,0
2025-10-08 11:00 PM,2025-10-09 7:43 AM,EST,524,495,23,6
2025-10-08 12:50 AM,2025-10-08 7:39 AM,EST,409,388,17,4
2025-10-07 12:16 AM,2025-10-07 12:00 PM,EST,704,628,73,2
2025-10-03 1:00 AM,2025-10-03 8:30 AM,EST,450,419,31,0
2025-10-01 11:30 PM,2025-10-02 11:00 AM,EST,690,618,60,13
2025-10-01 2:19 AM,2025-10-01 8:30 AM,EST,371,359,9,2
2025-09-29 11:00 PM,2025-09-30 8:14 AM,EST,555,545,9,0
2025-09-29 1:30 AM,2025-09-29 7:00 AM,EST,330,317,13,0
2025-09-28 2:00 AM,2025-09-28 12:00 PM,EST,600,544,51,5
2025-09-27 1:00 AM,2025-09-27 12:00 PM,EST,660,516,141,3
2025-09-25 11:33 PM,2025-09-26 10:56 AM,EST,683,564,99,20
2025-09-25 12:10 AM,2025-09-25 8:16 AM,EST,486,469,17,0
2025-09-24 2:30 AM,2025-09-24 11:48 AM,EST,559,503,55,1
2025-09-21 6:00 AM,2025-09-21 10:56 AM,EST,296,287,9,0
2025-09-20 1:03 AM,2025-09-20 7:46 AM,EST,403,272,127,4
2025-09-18 10:00 PM,2025-09-19 3:00 AM,EST,300,300,0,0
2025-09-18 1:22 AM,2025-09-18 8:00 AM,EST,398,288,105,4
2025-09-16 12:47 AM,2025-09-16 8:10 AM,EST,443,369,74,1
2025-09-02 2:30 AM,2025-09-02 7:22 AM,EST,293,246,45,2
2025-07-17 2:34 AM,2025-07-17 9:42 AM,EST,428,417,11,0
2025-07-06 9:41 PM,2025-07-06 11:13 PM,EST,92,70,22,0
2025-07-05 10:00 PM,2025-07-06 1:30 AM,EST,210,210,0,0
2025-06-13 12:23 AM,2025-06-13 9:49 AM,EST,566,512,45,8
2025-06-12 2:11 AM,2025-06-12 10:00 AM,EST,469,424,45,0
2025-05-25 10:00 PM,2025-05-26 12:30 AM,EST,150,150,0,0
2025-05-25 2:17 AM,2025-05-25 6:30 AM,EST,253,253,0,0
2025-03-24 2:51 AM,2025-03-24 10:00 AM,EST,428,415,14,0
2025-02-22 4:30 PM,2025-02-22 7:00 PM,EST,150,122,28,0
2025-02-14 2:54 PM,2025-02-14 6:36 PM,EST,222,215,8,0
2025-02-09 7:32 PM,2025-02-09 9:04 PM,EST,91,80,12,0
2024-09-08 3:08 AM,2024-09-08 10:59 AM,EST,472,457,8,7
2024-06-19 6:30 PM,2024-06-19 10:00 PM,EST,210,210,0,0
2024-06-13 6:00 PM,2024-06-13 9:00 PM,EST,180,180,0,0
2024-06-12 9:30 PM,2024-06-12 11:45 PM,EST,136,135,1,0
2024-05-25 3:37 AM,2024-05-25 10:30 AM,EST,413,400,13,0
2024-05-24 2:54 AM,2024-05-24 10:03 AM,EST,430,419,11,0
2024-05-21 3:32 AM,2024-05-21 10:00 AM,EST,388,379,9,0
2024-05-16 4:16 AM,2024-05-16 11:00 AM,EST,404,399,5,0
2024-05-12 3:26 AM,2024-05-12 11:01 AM,EST,455,450,6,0
2024-05-09 5:21 AM,2024-05-09 11:36 AM,EST,375,371,4,0
2024-05-08 1:38 AM,2024-05-08 10:30 AM,EST,531,469,61,0
2024-05-07 1:55 AM,2024-05-07 9:07 AM,EST,432,421,11,0
2024-05-06 5:00 AM,2024-05-06 12:00 PM,EST,420,365,39,16
2024-02-21 10:15 AM,2024-02-21 1:15 PM,EST,180,169,10,0
2024-02-09 4:47 AM,2024-02-09 7:40 AM,EST,174,162,12,0
2024-02-08 2:00 AM,2024-02-08 7:40 AM,EST,341,285,42,13
2024-02-07 2:28 AM,2024-02-07 7:48 AM,EST,320,304,16,0
2024-01-19 12:50 AM,2024-01-19 7:32 AM,EST,402,387,14,0
2024-01-17 2:58 AM,2024-01-17 11:21 AM,EST,503,480,20,3
2024-01-11 2:45 AM,2024-01-11 9:30 AM,EST,404,386,18,0
2024-01-10 1:30 AM,2024-01-10 12:00 PM,EST,630,630,0,0
2024-01-07 10:40 PM,2024-01-08 10:39 AM,EST,719,666,48,5
2023-12-07 11:00 PM,2023-12-08 3:36 AM,EST,277,224,42,11
2023-12-07 6:34 AM,2023-12-07 11:21 AM,EST,287,282,5,0
2023-12-04 5:47 AM,2023-12-04 12:04 PM,EST,377,350,26,0
2023-11-30 4:27 AM,2023-11-30 12:08 PM,EST,460,442,18,0
2023-11-22 5:00 AM,2023-11-22 1:00 PM,EST,480,422,54,4
2023-11-19 9:00 AM,2023-11-19 12:37 PM,EST,218,214,4,0
2023-11-18 5:34 AM,2023-11-18 1:00 PM,EST,445,430,15,0
2023-11-17 6:30 AM,2023-11-17 12:56 PM,EST,387,374,13,0
2023-11-16 4:06 AM,2023-11-16 8:00 AM,EST,233,223,10,0
2023-11-15 5:12 AM,2023-11-15 8:48 AM,EST,215,210,5,0
2023-11-14 2:47 PM,2023-11-14 4:58 PM,EST,131,124,6,0
2023-11-13 6:13 AM,2023-11-13 12:59 PM,EST,406,365,41,0
2023-11-12 5:20 AM,2023-11-12 1:00 PM,EST,459,433,26,0
2023-11-11 5:54 AM,2023-11-11 12:47 PM,EST,413,405,8,0
2023-11-10 6:02 AM,2023-11-10 12:38 PM,EST,396,371,15,10
2023-11-09 1:55 PM,2023-11-09 4:39 PM,EST,164,146,18,0
2023-11-09 4:02 AM,2023-11-09 8:00 AM,EST,238,230,7,0
2023-11-08 5:02 AM,2023-11-08 7:31 AM,EST,149,147,2,0
2023-11-07 3:30 AM,2023-11-07 9:30 AM,EST,360,338,22,0
2023-11-06 3:15 AM,2023-11-06 12:27 PM,EST,552,543,9,0
2023-11-04 6:32 AM,2023-11-04 2:00 PM,EST,447,409,34,5
2023-11-03 5:00 AM,2023-11-03 8:35 AM,EST,215,212,3,0
2023-11-02 3:38 AM,2023-11-02 9:20 AM,EST,342,333,9,0
2023-10-31 1:05 PM,2023-10-31 5:00 PM,EST,234,184,20,30
2023-10-30 4:30 AM,2023-10-30 1:00 PM,EST,510,469,41,0
2023-10-28 3:30 AM,2023-10-28 2:29 PM,EST,659,598,54,8
2023-10-27 5:16 AM,2023-10-27 7:31 AM,EST,135,108,26,0
2023-10-26 4:18 AM,2023-10-26 9:30 AM,EST,312,309,3,0
2023-10-25 4:08 AM,2023-10-25 9:00 AM,EST,292,277,15,0
2023-10-24 4:16 AM,2023-10-24 9:00 AM,EST,284,281,3,0
2023-10-23 3:30 AM,2023-10-23 11:00 AM,EST,450,437,13,0
2023-10-22 4:30 AM,2023-10-22 11:59 AM,EST,450,388,61,0
2023-10-19 5:10 AM,2023-10-19 9:00 AM,EST,229,224,5,0
2023-10-18 2:21 PM,2023-10-18 5:00 PM,EST,159,158,1,0
2023-10-18 5:16 AM,2023-10-18 7:48 AM,EST,151,147,5,0
2023-10-17 5:51 AM,2023-10-17 9:48 AM,EST,236,233,3,0
2023-10-16 12:00 PM,2023-10-16 3:00 PM,EST,180,141,30,8
2023-10-16 8:30 AM,2023-10-16 3:00 PM,EST,390,341,40,8
2023-10-13 11:30 PM,2023-10-14 9:34 AM,EST,604,554,48,1
2023-10-13 12:37 AM,2023-10-13 7:04 AM,EST,387,354,26,6
2023-10-11 3:42 AM,2023-10-11 8:53 AM,EST,311,298,12,1
2023-10-10 1:04 AM,2023-10-10 9:30 AM,EST,505,477,29,0
2023-10-09 1:43 PM,2023-10-09 3:35 PM,EST,112,112,1,0
2023-10-09 5:00 AM,2023-10-09 7:40 AM,EST,160,156,5,0
2023-10-04 5:02 AM,2023-10-04 12:12 PM,EST,430,375,56,0
2023-10-03 4:30 AM,2023-10-03 10:06 AM,EST,336,318,18,0
2023-10-02 8:57 AM,2023-10-02 4:21 PM,EST,444,410,34,0
2023-10-01 5:30 PM,2023-10-02 12:00 AM,EST,390,390,0,0
2023-09-30 4:01 AM,2023-09-30 6:54 AM,EST,173,172,1,0
2023-09-29 3:11 AM,2023-09-29 7:30 AM,EST,259,238,20,0
2023-09-28 4:11 AM,2023-09-28 9:30 AM,EST,319,305,13,0
2023-09-26 11:11 PM,2023-09-27 7:30 AM,EST,499,416,75,7
2023-09-26 1:00 PM,2023-09-26 3:35 PM,EST,155,154,1,0
2023-09-26 5:03 AM,2023-09-26 9:00 AM,EST,236,234,2,0
2023-09-25 4:00 AM,2023-09-25 12:57 PM,EST,537,521,16,0
2023-09-23 4:15 AM,2023-09-23 12:30 PM,EST,494,476,18,0
2023-09-22 4:04 AM,2023-09-22 9:00 AM,EST,296,279,16,0
2023-09-21 12:48 AM,2023-09-21 10:00 AM,EST,551,537,15,0
2023-09-20 3:03 AM,2023-09-20 8:52 AM,EST,348,316,33,0
2023-09-19 2:07 AM,2023-09-19 9:22 AM,EST,435,422,14,0
2023-09-17 8:00 PM,2023-09-18 12:30 PM,EST,990,945,31,15
2023-09-16 5:00 AM,2023-09-16 7:30 AM,EST,150,150,0,0
2023-09-15 7:00 PM,2023-09-16 12:30 AM,EST,330,330,0,0
2023-09-15 4:29 AM,2023-09-15 8:30 AM,EST,241,233,8,0
2023-09-14 2:52 AM,2023-09-14 9:19 AM,EST,387,376,10,0
2023-09-13 2:31 AM,2023-09-13 8:30 AM,EST,358,339,19,0
2023-09-12 3:29 AM,2023-09-12 9:00 AM,EST,331,312,18,0
2023-09-09 2:51 AM,2023-09-09 6:49 AM,EST,238,227,12,0
2023-09-08 3:34 AM,2023-09-08 7:33 AM,EST,239,230,9,0
2023-09-07 2:02 AM,2023-09-07 9:30 AM,EST,447,434,13,0
2023-08-28 1:29 AM,2023-08-28 7:30 AM,EST,360,342,18,0
2023-08-25 1:16 AM,2023-08-25 3:30 PM,EST,854,791,62,1
2023-08-24 2:28 AM,2023-08-24 11:57 AM,EST,569,533,36,0
2023-08-23 1:04 AM,2023-08-23 7:22 AM,EST,378,365,14,0
2023-08-22 1:55 AM,2023-08-22 11:47 AM,EST,592,569,23,0
2023-07-17 6:03 PM,2023-07-17 8:00 PM,EST,117,110,6,0
2023-07-13 2:00 AM,2023-07-13 8:46 AM,EST,406,385,21,0
2023-07-12 4:39 AM,2023-07-12 1:00 PM,EST,500,465,35,0
2023-06-13 2:00 AM,2023-06-13 12:30 PM,EST,629,583,45,1
2023-06-05 3:15 AM,2023-06-05 8:30 AM,EST,315,310,5,0
2023-05-31 1:45 AM,2023-05-31 8:20 AM,EST,394,379,15,0
2023-05-30 1:39 AM,2023-05-30 8:11 AM,EST,393,375,18,0
2023-05-24 2:00 AM,2023-05-24 8:35 AM,EST,395,363,32,0
2023-05-17 1:51 AM,2023-05-17 8:19 AM,EST,388,378,10,0
2023-05-15 12:40 AM,2023-05-15 8:30 AM,EST,469,443,26,0
2023-04-11 4:31 AM,2023-04-11 11:28 AM,EST,416,402,13,1
2023-04-03 3:36 AM,2023-04-03 11:36 AM,EST,480,451,29,0
2023-03-29 5:17 AM,2023-03-29 11:45 AM,EST,388,370,18,0
2023-03-06 3:35 AM,2023-03-06 12:20 PM,EST,526,514,11,1
2023-03-01 5:33 AM,2023-03-01 11:00 AM,EST,327,306,20,0
2023-02-26 5:53 AM,2023-02-26 10:58 AM,EST,304,289,15,0
2023-02-24 3:46 AM,2023-02-24 11:48 AM,EST,482,466,15,0
2023-02-22 4:30 AM,2023-02-22 11:30 AM,EST,420,375,45,0
2023-02-20 4:23 AM,2023-02-20 8:30 AM,EST,247,231,15,0
2023-02-17 5:11 AM,2023-02-17 10:30 AM,EST,318,299,19,0
2023-02-16 2:19 AM,2023-02-16 12:11 PM,EST,592,571,21,0
2023-02-15 4:18 AM,2023-02-15 10:08 AM,EST,350,330,20,0
2023-02-14 4:47 AM,2023-02-14 9:30 AM,EST,282,262,20,0
2023-02-13 2:26 AM,2023-02-13 8:30 AM,EST,364,343,21,0
2023-02-08 4:03 AM,2023-02-08 9:04 AM,EST,300,278,23,0
2023-02-07 1:44 AM,2023-02-07 11:30 AM,EST,585,555,26,4
2023-02-06 4:57 AM,2023-02-06 8:31 AM,EST,214,205,9,0
2023-02-01 2:20 AM,2023-02-01 8:10 AM,EST,350,340,10,0
2023-01-31 4:03 AM,2023-01-31 11:00 AM,EST,416,395,21,0
2023-01-30 3:55 AM,2023-01-30 11:41 AM,EST,465,444,21,0
2023-01-27 3:00 AM,2023-01-27 8:55 AM,EST,355,337,18,0
2023-01-25 3:37 AM,2023-01-25 8:18 AM,EST,282,273,9,0
2023-01-24 3:37 AM,2023-01-24 11:26 AM,EST,469,441,28,0
2023-01-22 10:30 PM,2023-01-23 8:30 AM,EST,600,573,22,5
2023-01-08 11:00 PM,2023-01-09 6:55 AM,EST,476,425,49,2
2023-01-08 3:16 AM,2023-01-08 12:51 PM,EST,575,558,16,0
2022-12-03 2:54 AM,2022-12-03 10:30 AM,EST,455,436,19,0
2022-12-01 5:38 AM,2022-12-01 8:30 AM,EST,172,165,8,0
2022-11-30 9:30 PM,2022-12-01 1:00 AM,EST,209,209,1,0
2022-11-30 2:21 AM,2022-11-30 9:30 AM,EST,428,407,21,0
2022-11-29 2:23 AM,2022-11-29 8:00 AM,EST,337,323,14,0
2022-11-26 3:19 AM,2022-11-26 12:50 PM,EST,571,534,37,0
2022-11-23 4:08 AM,2022-11-23 12:30 PM,EST,502,469,33,0
2022-11-21 3:41 AM,2022-11-21 12:30 PM,EST,529,475,54,0
2022-11-20 1:03 AM,2022-11-20 1:35 PM,EST,752,691,57,4
2022-11-18 3:10 AM,2022-11-18 11:49 AM,EST,518,497,21,0
2022-11-17 3:00 AM,2022-11-17 8:00 AM,EST,300,288,12,0
2022-11-16 3:53 AM,2022-11-16 12:53 PM,EST,540,521,18,0
2022-11-15 3:55 AM,2022-11-15 8:06 AM,EST,251,239,13,0
2022-11-14 3:00 AM,2022-11-14 11:50 AM,EST,531,499,32,0
2022-11-12 3:29 AM,2022-11-12 11:43 AM,EST,495,465,30,0
2022-11-11 3:39 AM,2022-11-11 11:00 AM,EST,441,424,16,0
2022-11-09 2:56 AM,2022-11-09 11:12 AM,EST,496,474,22,0
2022-11-07 4:07 AM,2022-11-07 12:00 PM,EST,473,443,30,0
2022-11-03 4:19 AM,2022-11-03 8:30 AM,EST,250,241,9,0
2022-11-02 2:23 AM,2022-11-02 11:25 AM,EST,542,516,26,0
2022-11-01 4:32 AM,2022-11-01 8:00 AM,EST,207,196,11,0
2022-10-31 3:30 AM,2022-10-31 11:30 AM,EST,479,447,32,0
2022-10-29 2:04 AM,2022-10-29 12:00 PM,EST,596,568,22,6
2022-10-28 3:38 AM,2022-10-28 10:50 AM,EST,432,421,11,0
2022-10-27 4:36 AM,2022-10-27 8:00 AM,EST,204,197,6,0
2022-10-26 2:09 AM,2022-10-26 8:00 AM,EST,351,338,13,0
2022-10-25 4:43 AM,2022-10-25 11:00 AM,EST,377,354,22,1
2022-10-24 1:33 AM,2022-10-24 10:33 AM,EST,540,511,28,1
2022-10-22 3:45 AM,2022-10-22 12:00 PM,EST,495,458,37,0
2022-10-21 4:01 AM,2022-10-21 10:28 AM,EST,387,374,12,0
2022-10-20 2:45 AM,2022-10-20 8:00 AM,EST,314,305,9,0
2022-10-19 3:12 AM,2022-10-19 8:30 AM,EST,317,301,15,1
2022-10-18 2:57 AM,2022-10-18 8:39 AM,EST,343,326,17,0
2022-10-16 2:53 AM,2022-10-16 11:30 AM,EST,516,477,38,1
2022-10-15 1:54 AM,2022-10-15 10:00 AM,EST,486,446,40,0
2022-10-14 12:00 AM,2022-10-14 11:49 AM,EST,709,668,37,4
2022-10-13 2:03 AM,2022-10-13 8:44 AM,EST,401,381,20,0
2022-10-12 3:03 AM,2022-10-12 8:00 AM,EST,296,280,16,0
2022-10-11 2:53 AM,2022-10-11 8:00 AM,EST,307,295,12,0
2022-10-09 9:30 PM,2022-10-10 12:00 PM,EST,870,794,65,11
2022-10-08 2:29 AM,2022-10-08 11:30 AM,EST,541,513,27,0
2022-10-07 3:38 AM,2022-10-07 9:55 AM,EST,377,352,25,0
2022-10-06 1:42 AM,2022-10-06 8:35 AM,EST,413,392,20,0
2022-10-05 3:19 AM,2022-10-05 10:30 AM,EST,430,392,39,0
2022-10-04 2:08 AM,2022-10-04 8:00 AM,EST,352,336,15,0
2022-10-01 3:30 AM,2022-10-01 10:50 AM,EST,440,408,33,0
2022-09-30 3:00 AM,2022-09-30 10:57 AM,EST,478,445,33,0
2022-09-24 2:09 AM,2022-09-24 11:30 AM,EST,560,538,22,0
2022-09-23 12:00 AM,2022-09-23 10:30 AM,EST,630,607,23,0
2022-09-22 1:59 AM,2022-09-22 8:43 AM,EST,404,392,12,0
2022-09-21 2:49 AM,2022-09-21 6:54 AM,EST,246,234,12,0
2022-09-20 2:28 AM,2022-09-20 8:00 AM,EST,331,323,8,0
2022-09-19 1:30 AM,2022-09-19 11:30 AM,EST,600,559,39,2
2022-09-18 3:47 AM,2022-09-18 11:31 AM,EST,463,444,19,0
2022-09-17 3:07 AM,2022-09-17 12:00 PM,EST,533,512,20,0
2022-09-16 2:22 AM,2022-09-16 10:30 AM,EST,488,460,27,0
2022-09-15 2:19 AM,2022-09-15 8:35 AM,EST,376,358,18,0
2022-09-14 3:28 AM,2022-09-14 10:00 AM,EST,391,318,72,1
2022-09-13 3:27 AM,2022-09-13 8:00 AM,EST,273,260,12,0
2022-09-09 8:00 AM,2022-09-09 10:27 AM,EST,148,148,0,0
2022-09-08 2:24 AM,2022-09-08 8:00 AM,EST,336,325,11,0
2022-09-07 8:00 AM,2022-09-07 9:46 AM,EST,106,89,17,0
2022-09-06 4:00 PM,2022-09-06 5:30 PM,EST,89,83,6,0
2022-09-06 1:32 AM,2022-09-06 7:57 AM,EST,385,373,12,0
2022-09-04 9:00 AM,2022-09-04 11:30 AM,EST,149,149,0,0
2022-09-02 2:34 AM,2022-09-02 10:01 AM,EST,447,417,30,0
2022-09-01 1:10 AM,2022-09-01 10:00 AM,EST,530,501,29,0
2022-08-31 1:48 AM,2022-08-31 8:30 AM,EST,402,382,19,0
2022-08-30 2:19 PM,2022-08-30 4:39 PM,EST,141,126,15,0
2022-08-30 2:42 AM,2022-08-30 8:42 AM,EST,360,343,14,3
2022-08-29 2:03 AM,2022-08-29 10:47 AM,EST,524,495,26,4
2022-08-27 2:00 AM,2022-08-27 9:58 AM,EST,479,455,15,9
2022-08-26 2:25 AM,2022-08-26 10:30 AM,EST,485,461,24,1
2022-08-25 2:16 AM,2022-08-25 7:32 AM,EST,316,302,11,3
2022-08-23 2:03 AM,2022-08-23 8:00 AM,EST,357,341,16,0
2022-08-21 2:34 AM,2022-08-21 11:00 AM,EST,506,475,30,0
2022-08-18 12:00 AM,2022-08-18 9:30 AM,EST,570,570,0,0
2022-08-17 2:24 AM,2022-08-17 1:50 PM,EST,686,666,19,0
2022-08-13 11:30 AM,2022-08-13 3:40 PM,EST,250,250,0,0
2022-08-12 3:16 AM,2022-08-12 10:21 AM,EST,425,399,23,3
2022-08-11 3:24 AM,2022-08-11 11:02 AM,EST,459,437,22,0
2022-08-05 3:02 AM,2022-08-05 7:30 AM,EST,267,254,11,1
2022-08-03 3:22 AM,2022-08-03 8:30 AM,EST,308,295,12,0
2022-08-01 3:58 AM,2022-08-01 9:30 AM,EST,331,311,18,1
2022-07-30 2:30 AM,2022-07-30 11:30 AM,EST,540,519,21,0
2022-07-29 1:47 AM,2022-07-29 6:40 AM,EST,293,280,12,1
2022-07-28 3:54 AM,2022-07-28 11:30 AM,EST,455,439,16,0
2022-07-25 3:31 AM,2022-07-25 10:18 AM,EST,407,388,18,0
2022-07-22 4:26 AM,2022-07-22 12:00 PM,EST,453,432,21,0
2022-07-21 4:26 AM,2022-07-21 11:33 AM,EST,427,412,15,0
2022-07-20 3:50 AM,2022-07-20 11:30 AM,EST,459,439,20,0
2022-07-19 3:56 AM,2022-07-19 11:00 AM,EST,424,396,27,0
2022-07-16 3:30 AM,2022-07-16 10:46 AM,EST,436,424,12,0
2022-07-15 2:51 AM,2022-07-15 9:25 AM,EST,394,377,17,0
2022-07-12 4:14 AM,2022-07-12 11:30 AM,EST,435,419,16,0
2022-07-10 4:05 AM,2022-07-10 10:00 AM,EST,354,336,18,0
2022-07-09 3:33 AM,2022-07-09 7:33 AM,EST,241,229,12,0
2022-07-08 4:21 AM,2022-07-08 12:03 PM,EST,462,433,21,9
2022-07-07 4:26 AM,2022-07-07 11:42 AM,EST,436,421,15,0
2022-07-06 4:15 AM,2022-07-06 11:30 AM,EST,435,414,21,0
2022-07-03 3:00 AM,2022-07-03 12:30 PM,EST,570,514,54,1
2022-07-02 9:02 AM,2022-07-02 12:00 PM,EST,178,169,9,0
2022-07-01 4:15 AM,2022-07-01 12:00 PM,EST,464,446,19,0
2022-06-30 3:50 AM,2022-06-30 11:22 AM,EST,452,433,19,0
2022-06-26 1:30 AM,2022-06-26 12:30 PM,EST,660,659,1,0
2022-06-23 3:20 AM,2022-06-23 9:30 AM,EST,369,353,16,0
2022-06-22 3:49 AM,2022-06-22 11:30 AM,EST,461,442,18,1
2022-06-21 3:36 AM,2022-06-21 11:30 AM,EST,474,454,19,1
2022-06-20 4:27 AM,2022-06-20 11:26 AM,EST,419,399,20,0
2022-06-19 4:11 AM,2022-06-19 9:17 AM,EST,306,292,14,0
2022-06-18 4:25 AM,2022-06-18 11:30 AM,EST,424,407,17,0
2022-06-17 4:09 AM,2022-06-17 12:00 PM,EST,471,454,16,0
2022-06-16 4:10 AM,2022-06-16 10:52 AM,EST,402,390,12,0
2022-06-15 3:02 AM,2022-06-15 10:30 AM,EST,447,426,21,0
2022-06-14 4:38 AM,2022-06-14 10:54 AM,EST,375,365,10,0
2022-06-12 6:30 AM,2022-06-12 11:00 AM,EST,270,258,12,0
2022-06-11 4:11 AM,2022-06-11 12:30 PM,EST,499,481,17,0
2022-06-10 4:47 AM,2022-06-10 12:00 PM,EST,432,414,18,0
2022-06-09 3:52 AM,2022-06-09 11:28 AM,EST,456,431,25,0
2022-06-08 4:06 AM,2022-06-08 11:55 AM,EST,470,444,24,2
2022-06-07 4:14 AM,2022-06-07 11:20 AM,EST,426,399,27,0
2022-06-04 9:00 AM,2022-06-04 11:30 AM,EST,149,141,8,0
2022-06-03 4:20 AM,2022-06-03 10:00 AM,EST,340,325,12,3
2022-06-02 4:03 AM,2022-06-02 12:30 PM,EST,506,479,23,4
2022-06-01 4:28 AM,2022-06-01 12:30 PM,EST,482,460,21,0
2022-05-31 3:44 AM,2022-05-31 12:00 PM,EST,496,474,21,0
2022-05-30 3:48 AM,2022-05-30 11:20 AM,EST,452,437,15,0
2022-05-29 4:22 AM,2022-05-29 11:03 AM,EST,400,380,20,0
2022-05-28 3:11 AM,2022-05-28 11:45 AM,EST,514,493,21,0
2022-05-27 3:35 AM,2022-05-27 12:28 PM,EST,533,503,28,2
2022-05-25 3:52 AM,2022-05-25 12:30 PM,EST,518,451,57,11
2022-05-22 7:00 AM,2022-05-22 12:00 PM,EST,300,284,16,0
2022-05-21 4:06 AM,2022-05-21 12:00 PM,EST,473,451,22,0
2022-05-20 2:56 AM,2022-05-20 12:30 PM,EST,574,553,20,0
2022-05-19 4:09 AM,2022-05-19 12:29 PM,EST,500,483,17,0
2022-05-18 4:04 AM,2022-05-18 10:28 AM,EST,384,368,16,0
2022-05-17 3:56 AM,2022-05-17 11:30 AM,EST,454,430,23,0
2022-05-16 2:32 AM,2022-05-16 12:17 PM,EST,584,547,35,3
2022-05-15 2:00 AM,2022-05-15 11:55 AM,EST,595,572,22,2
2022-05-14 4:24 AM,2022-05-14 11:08 AM,EST,404,393,11,0
2022-05-13 3:31 AM,2022-05-13 11:48 AM,EST,498,473,24,0
2022-05-12 4:54 AM,2022-05-12 12:34 PM,EST,460,439,20,0
2022-05-11 12:00 AM,2022-05-11 1:00 PM,EST,780,708,66,5
2022-05-10 4:32 AM,2022-05-10 11:38 AM,EST,426,407,18,0
2022-05-07 3:42 AM,2022-05-07 9:54 AM,EST,372,361,12,0
2022-05-06 8:00 AM,2022-05-06 11:36 AM,EST,217,206,10,0
2022-05-05 1:58 AM,2022-05-05 11:02 AM,EST,544,450,83,10
2022-05-04 10:00 AM,2022-05-04 12:30 PM,EST,149,140,10,0
2022-05-03 3:42 AM,2022-05-03 10:41 AM,EST,419,404,15,0
2022-05-02 2:16 AM,2022-05-02 8:05 AM,EST,349,327,21,1
2022-05-01 4:44 AM,2022-05-01 12:58 PM,EST,494,476,18,0
2022-04-30 10:00 AM,2022-04-30 1:00 PM,EST,180,162,17,0
2022-04-29 3:54 AM,2022-04-29 2:47 PM,EST,652,622,30,1
2022-04-28 3:38 AM,2022-04-28 11:24 AM,EST,466,443,21,2
2022-04-27 2:51 AM,2022-04-27 11:30 AM,EST,519,501,17,0
2022-04-26 2:57 AM,2022-04-26 11:25 AM,EST,508,486,21,1
2022-04-25 4:18 AM,2022-04-25 9:55 AM,EST,337,321,16,0
2022-04-23 3:11 AM,2022-04-23 12:30 PM,EST,558,539,19,0
2022-04-22 4:03 AM,2022-04-22 12:00 PM,EST,476,414,48,14
2022-04-21 4:12 AM,2022-04-21 12:00 PM,EST,467,442,25,0
2022-04-20 5:03 AM,2022-04-20 9:56 AM,EST,293,283,10,0
2022-04-19 3:33 AM,2022-04-19 10:47 AM,EST,434,419,15,0
2022-04-17 5:00 PM,2022-04-18 10:49 AM,EST,1070,1045,21,3
2022-04-16 4:49 AM,2022-04-16 12:00 PM,EST,430,404,26,1
2022-04-15 2:52 AM,2022-04-15 12:10 PM,EST,558,537,19,2
2022-04-14 3:44 AM,2022-04-14 11:00 AM,EST,436,417,14,5
2022-04-13 4:07 AM,2022-04-13 9:57 AM,EST,350,337,13,0
2022-04-12 3:32 AM,2022-04-12 11:13 AM,EST,461,443,18,0
2022-04-11 4:08 AM,2022-04-11 10:00 AM,EST,352,340,11,0
2022-04-10 5:30 AM,2022-04-10 12:27 PM,EST,418,388,29,0
2022-04-08 10:05 AM,2022-04-08 12:00 PM,EST,114,102,13,0
2022-04-07 10:02 AM,2022-04-07 11:43 AM,EST,101,98,3,0
2022-04-06 2:25 AM,2022-04-06 10:00 AM,EST,454,440,13,0
2022-04-05 7:34 AM,2022-04-05 11:18 AM,EST,224,215,9,0
2022-04-04 3:30 AM,2022-04-04 10:01 AM,EST,391,383,9,0
2022-04-02 3:30 AM,2022-04-02 11:30 AM,EST,479,476,3,0
2022-03-31 8:16 AM,2022-03-31 10:32 AM,EST,136,125,11,0
2022-03-30 2:41 AM,2022-03-30 10:00 AM,EST,439,420,19,0
2022-03-29 2:00 AM,2022-03-29 10:09 AM,EST,490,466,23,0
2022-03-28 2:16 AM,2022-03-28 10:00 AM,EST,464,444,20,0
2022-03-26 3:20 AM,2022-03-26 11:30 AM,EST,490,459,30,0
2022-03-25 3:18 AM,2022-03-25 11:34 AM,EST,496,480,16,0
2022-03-24 2:45 AM,2022-03-24 11:30 AM,EST,525,497,28,0
2022-03-23 2:24 AM,2022-03-23 10:00 AM,EST,456,449,6,0
2022-03-22 1:46 AM,2022-03-22 11:00 AM,EST,554,529,25,0
2022-03-21 3:28 AM,2022-03-21 10:00 AM,EST,392,385,7,0
2022-03-20 6:30 AM,2022-03-20 11:38 AM,EST,308,299,10,0
2022-03-19 3:19 AM,2022-03-19 11:06 AM,EST,467,444,23,0
2022-03-17 2:38 AM,2022-03-17 12:30 PM,EST,591,585,6,0
2022-03-15 1:29 AM,2022-03-15 10:58 AM,EST,569,525,44,0
2022-03-14 3:30 AM,2022-03-14 10:50 AM,EST,441,410,30,0
2022-03-12 1:30 PM,2022-03-12 4:00 PM,EST,150,147,3,0
2022-03-11 3:20 AM,2022-03-11 10:00 AM,EST,400,386,14,0
2022-03-10 3:08 AM,2022-03-10 10:30 AM,EST,441,426,15,0
2022-03-09 3:30 AM,2022-03-09 11:30 AM,EST,480,463,17,0
2022-03-08 2:27 AM,2022-03-08 10:05 AM,EST,458,452,6,0
2022-03-06 10:07 AM,2022-03-06 12:30 PM,EST,143,141,1,0
2022-03-05 9:54 AM,2022-03-05 11:30 AM,EST,95,83,12,0
2022-03-04 3:00 AM,2022-03-04 10:30 AM,EST,450,436,14,0
2022-03-03 3:18 AM,2022-03-03 10:13 AM,EST,415,404,11,0
2022-03-02 3:30 AM,2022-03-02 10:00 AM,EST,390,372,15,3
2022-03-01 3:16 AM,2022-03-01 10:01 AM,EST,405,398,7,0
2022-02-28 3:35 AM,2022-02-28 10:00 AM,EST,384,378,6,0
2022-02-27 3:14 AM,2022-02-27 10:59 AM,EST,465,450,14,0
2022-02-25 2:00 AM,2022-02-25 11:55 AM,EST,596,517,69,9
2022-02-23 3:00 AM,2022-02-23 10:00 AM,EST,420,389,30,1
2022-02-22 2:00 AM,2022-02-22 9:30 AM,EST,449,428,21,0
2022-02-21 2:30 AM,2022-02-21 10:52 AM,EST,503,485,17,0
2022-02-19 2:45 AM,2022-02-19 10:30 AM,EST,464,434,30,1
2022-02-18 2:25 AM,2022-02-18 9:49 AM,EST,444,428,9,8
2022-02-17 3:16 AM,2022-02-17 10:36 AM,EST,440,426,14,0
2022-02-16 2:56 AM,2022-02-16 10:01 AM,EST,425,421,3,0
2022-02-15 2:37 AM,2022-02-15 10:16 AM,EST,459,452,6,0
2022-02-14 2:50 AM,2022-02-14 10:54 AM,EST,483,473,10,0
2022-02-12 8:11 AM,2022-02-12 11:10 AM,EST,179,154,25,0
2022-02-11 2:23 AM,2022-02-11 10:28 AM,EST,485,440,45,0
2022-02-10 5:31 AM,2022-02-10 10:38 AM,EST,307,290,17,0
2022-02-09 2:21 AM,2022-02-09 10:00 AM,EST,459,452,7,0
2022-02-08 2:30 AM,2022-02-08 9:10 AM,EST,401,390,11,0
2022-02-07 2:50 AM,2022-02-07 10:00 AM,EST,429,419,10,0
2022-02-06 3:09 AM,2022-02-06 11:30 AM,EST,501,470,31,0
2022-02-05 1:31 AM,2022-02-05 11:30 AM,EST,599,561,37,0
2022-02-04 1:30 AM,2022-02-04 10:00 AM,EST,510,494,14,2
2022-02-03 1:51 AM,2022-02-03 12:53 PM,EST,661,642,19,0
2022-02-02 3:46 AM,2022-02-02 10:00 AM,EST,374,365,9,0
2022-02-01 3:07 AM,2022-02-01 10:19 AM,EST,431,427,4,0
2022-01-31 1:25 AM,2022-01-31 10:00 AM,EST,514,477,31,6
2022-01-30 3:37 AM,2022-01-30 11:42 AM,EST,485,448,37,0
2022-01-29 3:46 AM,2022-01-29 12:30 PM,EST,524,498,26,0
2022-01-28 3:19 AM,2022-01-28 10:00 AM,EST,400,382,18,0
2022-01-27 3:09 AM,2022-01-27 11:30 AM,EST,501,487,13,0
2022-01-25 1:59 AM,2022-01-25 10:30 AM,EST,511,503,7,0
2022-01-23 11:52 PM,2022-01-24 10:00 AM,EST,608,539,64,5
2022-01-23 3:13 AM,2022-01-23 11:21 AM,EST,488,481,6,0
2022-01-21 2:30 AM,2022-01-21 10:09 AM,EST,460,445,15,0
2022-01-20 12:30 AM,2022-01-20 10:30 AM,EST,600,571,29,0
2022-01-19 1:30 AM,2022-01-19 10:45 AM,EST,555,534,21,0
2022-01-18 1:43 AM,2022-01-18 9:57 AM,EST,494,477,17,0
2022-01-17 2:54 AM,2022-01-17 10:30 AM,EST,455,435,18,2
2022-01-16 3:45 AM,2022-01-16 11:30 AM,EST,464,459,5,0
2022-01-14 2:00 AM,2022-01-14 9:36 AM,EST,457,419,33,4
2022-01-13 2:01 AM,2022-01-13 9:17 AM,EST,437,431,6,0
2022-01-12 1:34 AM,2022-01-12 9:34 AM,EST,480,466,13,0
2022-01-11 1:46 AM,2022-01-11 9:41 AM,EST,475,466,8,0
2022-01-10 2:00 AM,2022-01-10 9:39 AM,EST,459,432,17,10
2022-01-08 8:39 PM,2022-01-09 9:59 AM,EST,799,783,14,2
2022-01-07 9:29 PM,2022-01-08 9:49 AM,EST,740,714,24,2
2022-01-07 1:00 AM,2022-01-07 10:02 AM,EST,543,477,36,30
2022-01-05 9:44 PM,2022-01-06 10:30 AM,EST,766,618,140,8
2022-01-05 2:00 AM,2022-01-05 10:11 AM,EST,492,475,17,0
2022-01-04 2:04 AM,2022-01-04 9:58 AM,EST,474,460,10,4
2022-01-03 2:11 AM,2022-01-03 10:30 AM,EST,498,475,23,1
2022-01-02 1:24 AM,2022-01-02 10:36 AM,EST,552,547,5,0
2021-12-30 8:40 PM,2021-12-31 11:00 AM,EST,860,739,105,16
2021-12-30 2:17 AM,2021-12-30 10:17 AM,EST,480,454,20,5
2021-12-29 1:16 AM,2021-12-29 10:30 AM,EST,553,518,29,6
2021-12-28 1:02 AM,2021-12-28 10:30 AM,EST,568,541,27,0
2021-12-27 2:00 AM,2021-12-27 9:42 AM,EST,462,447,15,0
2021-12-25 2:36 AM,2021-12-25 11:00 AM,EST,504,476,26,2
2021-12-24 3:27 AM,2021-12-24 11:00 AM,EST,453,422,22,9
2021-12-23 3:28 AM,2021-12-23 9:47 AM,EST,379,343,33,4
2021-12-22 2:30 AM,2021-12-22 9:57 AM,EST,447,404,43,0
2021-12-21 1:21 AM,2021-12-21 10:30 AM,EST,549,533,16,1
2021-12-20 1:30 AM,2021-12-20 10:06 AM,EST,516,497,19,0
2021-12-18 12:53 AM,2021-12-18 6:50 AM,EST,356,338,18,0
2021-12-17 1:39 AM,2021-12-17 10:04 AM,EST,504,472,33,0
2021-12-16 1:01 AM,2021-12-16 10:30 AM,EST,569,528,40,0
2021-12-15 1:10 AM,2021-12-15 10:30 AM,EST,559,521,38,0
2021-12-14 1:31 AM,2021-12-14 9:51 AM,EST,500,483,17,0
2021-12-13 2:13 AM,2021-12-13 11:19 AM,EST,546,477,54,14
2021-12-12 2:20 AM,2021-12-12 12:00 PM,EST,580,569,10,1
2021-12-11 1:30 AM,2021-12-11 10:56 AM,EST,567,542,18,7
2021-12-10 2:52 AM,2021-12-10 10:08 AM,EST,435,397,36,3
2021-12-09 3:40 AM,2021-12-09 11:50 AM,EST,490,462,28,0
2021-12-08 2:30 AM,2021-12-08 11:11 AM,EST,521,496,18,8
2021-12-07 12:00 AM,2021-12-07 8:41 AM,EST,521,498,8,15
2021-12-06 3:50 AM,2021-12-06 11:00 AM,EST,431,417,13,0
2021-12-05 4:17 PM,2021-12-05 6:16 PM,EST,120,120,0,0
2021-12-05 2:43 AM,2021-12-05 9:42 AM,EST,419,406,13,0
2021-12-04 3:00 PM,2021-12-04 5:54 PM,EST,175,167,8,0
2021-12-04 2:30 AM,2021-12-04 8:00 AM,EST,330,314,16,0
2021-12-03 2:21 AM,2021-12-03 11:14 AM,EST,534,509,24,0
2021-12-02 12:42 AM,2021-12-02 7:09 AM,EST,387,376,11,0
2021-12-01 1:36 AM,2021-12-01 9:04 AM,EST,449,430,18,1
2021-11-30 2:18 AM,2021-11-30 7:40 AM,EST,322,310,12,0
2021-11-29 2:43 AM,2021-11-29 7:59 AM,EST,317,300,15,2
2021-11-28 2:33 AM,2021-11-28 12:00 PM,EST,566,517,49,0
2021-11-27 1:00 AM,2021-11-27 10:28 AM,EST,567,541,26,0
